seed,n,m,k,negative_fraction,queries,repeat,order,method,ns_per_query,returned_positive,expected_exact_positive,backend_lookups
1,20000,200000,1,0,200000,0,0,filtered_set,24.50521,200000,200000,200000
1,20000,200000,1,0,200000,0,1,bloom,3.615415,200000,200000,0
1,20000,200000,1,0,200000,0,2,set,19.16833,200000,200000,200000
1,20000,200000,1,0,200000,1,0,set,18.626875,200000,200000,200000
1,20000,200000,1,0,200000,1,1,bloom,3.585205,200000,200000,0
1,20000,200000,1,0,200000,1,2,filtered_set,24.85604,200000,200000,200000
1,20000,200000,1,0,200000,2,0,filtered_set,24.744375,200000,200000,200000
1,20000,200000,1,0,200000,2,1,set,19.055205,200000,200000,200000
1,20000,200000,1,0,200000,2,2,bloom,3.617085,200000,200000,0
1,20000,200000,1,0,200000,3,0,filtered_set,24.72896,200000,200000,200000
1,20000,200000,1,0,200000,3,1,set,18.541045,200000,200000,200000
1,20000,200000,1,0,200000,3,2,bloom,3.588955,200000,200000,0
1,20000,200000,1,0,200000,4,0,filtered_set,25.19229,200000,200000,200000
1,20000,200000,1,0,200000,4,1,bloom,3.617915,200000,200000,0
1,20000,200000,1,0,200000,4,2,set,18.765415,200000,200000,200000
1,20000,200000,1,0,200000,5,0,bloom,3.631045,200000,200000,0
1,20000,200000,1,0,200000,5,1,set,18.57417,200000,200000,200000
1,20000,200000,1,0,200000,5,2,filtered_set,24.818955,200000,200000,200000
1,20000,200000,1,0,200000,6,0,filtered_set,24.91604,200000,200000,200000
1,20000,200000,1,0,200000,6,1,bloom,3.575415,200000,200000,0
1,20000,200000,1,0,200000,6,2,set,18.558545,200000,200000,200000
1,20000,200000,1,0.5,200000,0,0,bloom,18.96146,109527,100000,0
1,20000,200000,1,0.5,200000,0,1,filtered_set,36.22042,100000,100000,109527
1,20000,200000,1,0.5,200000,0,2,set,34.582705,100000,100000,200000
1,20000,200000,1,0.5,200000,1,0,bloom,21.21229,109527,100000,0
1,20000,200000,1,0.5,200000,1,1,filtered_set,37.05521,100000,100000,109527
1,20000,200000,1,0.5,200000,1,2,set,34.27292,100000,100000,200000
1,20000,200000,1,0.5,200000,2,0,bloom,18.66146,109527,100000,0
1,20000,200000,1,0.5,200000,2,1,filtered_set,34.7525,100000,100000,109527
1,20000,200000,1,0.5,200000,2,2,set,33.93292,100000,100000,200000
1,20000,200000,1,0.5,200000,3,0,filtered_set,34.414165,100000,100000,109527
1,20000,200000,1,0.5,200000,3,1,set,33.87375,100000,100000,200000
1,20000,200000,1,0.5,200000,3,2,bloom,18.80333,109527,100000,0
1,20000,200000,1,0.5,200000,4,0,set,33.172705,100000,100000,200000
1,20000,200000,1,0.5,200000,4,1,bloom,19.403335,109527,100000,0
1,20000,200000,1,0.5,200000,4,2,filtered_set,34.604165,100000,100000,109527
1,20000,200000,1,0.5,200000,5,0,bloom,21.617085,109527,100000,0
1,20000,200000,1,0.5,200000,5,1,filtered_set,35.150835,100000,100000,109527
1,20000,200000,1,0.5,200000,5,2,set,32.82625,100000,100000,200000
1,20000,200000,1,0.5,200000,6,0,filtered_set,34.421665,100000,100000,109527
1,20000,200000,1,0.5,200000,6,1,bloom,19.915415,109527,100000,0
1,20000,200000,1,0.5,200000,6,2,set,33.65625,100000,100000,200000
1,20000,200000,1,0.9,200000,0,0,filtered_set,18.47292,20000,20000,37016
1,20000,200000,1,0.9,200000,0,1,set,31.667915,20000,20000,200000
1,20000,200000,1,0.9,200000,0,2,bloom,9.840835,37016,20000,0
1,20000,200000,1,0.9,200000,1,0,set,28.966875,20000,20000,200000
1,20000,200000,1,0.9,200000,1,1,filtered_set,18.951665,20000,20000,37016
1,20000,200000,1,0.9,200000,1,2,bloom,9.54896,37016,20000,0
1,20000,200000,1,0.9,200000,2,0,bloom,9.271875,37016,20000,0
1,20000,200000,1,0.9,200000,2,1,set,28.93854,20000,20000,200000
1,20000,200000,1,0.9,200000,2,2,filtered_set,18.63521,20000,20000,37016
1,20000,200000,1,0.9,200000,3,0,filtered_set,18.63,20000,20000,37016
1,20000,200000,1,0.9,200000,3,1,set,30.700625,20000,20000,200000
1,20000,200000,1,0.9,200000,3,2,bloom,9.677085,37016,20000,0
1,20000,200000,1,0.9,200000,4,0,bloom,9.89667,37016,20000,0
1,20000,200000,1,0.9,200000,4,1,filtered_set,18.9,20000,20000,37016
1,20000,200000,1,0.9,200000,4,2,set,29.614585,20000,20000,200000
1,20000,200000,1,0.9,200000,5,0,set,28.898335,20000,20000,200000
1,20000,200000,1,0.9,200000,5,1,bloom,9.270415,37016,20000,0
1,20000,200000,1,0.9,200000,5,2,filtered_set,18.681875,20000,20000,37016
1,20000,200000,1,0.9,200000,6,0,bloom,9.893335,37016,20000,0
1,20000,200000,1,0.9,200000,6,1,filtered_set,20.011665,20000,20000,37016
1,20000,200000,1,0.9,200000,6,2,set,28.762705,20000,20000,200000
1,20000,200000,1,1,200000,0,0,set,28.55917,0,0,200000
1,20000,200000,1,1,200000,0,1,filtered_set,10.327915,0,0,18824
1,20000,200000,1,1,200000,0,2,bloom,6.567085,18824,0,0
1,20000,200000,1,1,200000,1,0,filtered_set,9.963125,0,0,18824
1,20000,200000,1,1,200000,1,1,bloom,6.34333,18824,0,0
1,20000,200000,1,1,200000,1,2,set,28.037085,0,0,200000
1,20000,200000,1,1,200000,2,0,bloom,6.435625,18824,0,0
1,20000,200000,1,1,200000,2,1,filtered_set,10.19667,0,0,18824
1,20000,200000,1,1,200000,2,2,set,28.356665,0,0,200000
1,20000,200000,1,1,200000,3,0,bloom,6.4475,18824,0,0
1,20000,200000,1,1,200000,3,1,filtered_set,10.175625,0,0,18824
1,20000,200000,1,1,200000,3,2,set,27.63792,0,0,200000
1,20000,200000,1,1,200000,4,0,set,27.947915,0,0,200000
1,20000,200000,1,1,200000,4,1,bloom,6.575625,18824,0,0
1,20000,200000,1,1,200000,4,2,filtered_set,10.305,0,0,18824
1,20000,200000,1,1,200000,5,0,bloom,6.444585,18824,0,0
1,20000,200000,1,1,200000,5,1,filtered_set,10.31521,0,0,18824
1,20000,200000,1,1,200000,5,2,set,28.365625,0,0,200000
1,20000,200000,1,1,200000,6,0,set,28.654375,0,0,200000
1,20000,200000,1,1,200000,6,1,filtered_set,10.09229,0,0,18824
1,20000,200000,1,1,200000,6,2,bloom,6.34208,18824,0,0
1,20000,200000,3,0,200000,0,0,filtered_set,33.88042,200000,200000,200000
1,20000,200000,3,0,200000,0,1,bloom,12.366875,200000,200000,0
1,20000,200000,3,0,200000,0,2,set,19.6525,200000,200000,200000
1,20000,200000,3,0,200000,1,0,set,18.503125,200000,200000,200000
1,20000,200000,3,0,200000,1,1,bloom,10.397085,200000,200000,0
1,20000,200000,3,0,200000,1,2,filtered_set,34.10917,200000,200000,200000
1,20000,200000,3,0,200000,2,0,filtered_set,33.354795,200000,200000,200000
1,20000,200000,3,0,200000,2,1,set,19.336875,200000,200000,200000
1,20000,200000,3,0,200000,2,2,bloom,10.36396,200000,200000,0
1,20000,200000,3,0,200000,3,0,filtered_set,34.398125,200000,200000,200000
1,20000,200000,3,0,200000,3,1,set,18.76729,200000,200000,200000
1,20000,200000,3,0,200000,3,2,bloom,10.27896,200000,200000,0
1,20000,200000,3,0,200000,4,0,filtered_set,33.80583,200000,200000,200000
1,20000,200000,3,0,200000,4,1,bloom,10.851665,200000,200000,0
1,20000,200000,3,0,200000,4,2,set,18.665,200000,200000,200000
1,20000,200000,3,0,200000,5,0,bloom,10.225205,200000,200000,0
1,20000,200000,3,0,200000,5,1,set,18.594585,200000,200000,200000
1,20000,200000,3,0,200000,5,2,filtered_set,33.63625,200000,200000,200000
1,20000,200000,3,0,200000,6,0,filtered_set,32.979375,200000,200000,200000
1,20000,200000,3,0,200000,6,1,bloom,10.255835,200000,200000,0
1,20000,200000,3,0,200000,6,2,set,28.55417,200000,200000,200000
1,20000,200000,3,0.5,200000,0,0,bloom,24.60542,101734,100000,0
1,20000,200000,3,0.5,200000,0,1,filtered_set,36.887085,100000,100000,101734
1,20000,200000,3,0.5,200000,0,2,set,33.439375,100000,100000,200000
1,20000,200000,3,0.5,200000,1,0,bloom,23.722295,101734,100000,0
1,20000,200000,3,0.5,200000,1,1,filtered_set,37.10292,100000,100000,101734
1,20000,200000,3,0.5,200000,1,2,set,34.0375,100000,100000,200000
1,20000,200000,3,0.5,200000,2,0,bloom,23.47875,101734,100000,0
1,20000,200000,3,0.5,200000,2,1,filtered_set,37.126665,100000,100000,101734
1,20000,200000,3,0.5,200000,2,2,set,33.79521,100000,100000,200000
1,20000,200000,3,0.5,200000,3,0,filtered_set,37.17125,100000,100000,101734
1,20000,200000,3,0.5,200000,3,1,set,34.004375,100000,100000,200000
1,20000,200000,3,0.5,200000,3,2,bloom,23.625415,101734,100000,0
1,20000,200000,3,0.5,200000,4,0,set,32.92146,100000,100000,200000
1,20000,200000,3,0.5,200000,4,1,bloom,23.948335,101734,100000,0
1,20000,200000,3,0.5,200000,4,2,filtered_set,36.84021,100000,100000,101734
1,20000,200000,3,0.5,200000,5,0,bloom,23.176045,101734,100000,0
1,20000,200000,3,0.5,200000,5,1,filtered_set,37.858125,100000,100000,101734
1,20000,200000,3,0.5,200000,5,2,set,33.18979,100000,100000,200000
1,20000,200000,3,0.5,200000,6,0,filtered_set,37.92229,100000,100000,101734
1,20000,200000,3,0.5,200000,6,1,bloom,23.420415,101734,100000,0
1,20000,200000,3,0.5,200000,6,2,set,32.776455,100000,100000,200000
1,20000,200000,3,0.9,200000,0,0,filtered_set,27.517085,20000,20000,23161
1,20000,200000,3,0.9,200000,0,1,set,29.73417,20000,20000,200000
1,20000,200000,3,0.9,200000,0,2,bloom,22.800415,23161,20000,0
1,20000,200000,3,0.9,200000,1,0,set,28.894375,20000,20000,200000
1,20000,200000,3,0.9,200000,1,1,filtered_set,28.40021,20000,20000,23161
1,20000,200000,3,0.9,200000,1,2,bloom,23.617295,23161,20000,0
1,20000,200000,3,0.9,200000,2,0,bloom,23.127705,23161,20000,0
1,20000,200000,3,0.9,200000,2,1,set,29.144375,20000,20000,200000
1,20000,200000,3,0.9,200000,2,2,filtered_set,28.96208,20000,20000,23161
1,20000,200000,3,0.9,200000,3,0,filtered_set,28.956665,20000,20000,23161
1,20000,200000,3,0.9,200000,3,1,set,30.36396,20000,20000,200000
1,20000,200000,3,0.9,200000,3,2,bloom,23.318125,23161,20000,0
1,20000,200000,3,0.9,200000,4,0,bloom,22.874375,23161,20000,0
1,20000,200000,3,0.9,200000,4,1,filtered_set,30.145415,20000,20000,23161
1,20000,200000,3,0.9,200000,4,2,set,30.60771,20000,20000,200000
1,20000,200000,3,0.9,200000,5,0,set,28.789795,20000,20000,200000
1,20000,200000,3,0.9,200000,5,1,bloom,23.45958,23161,20000,0
1,20000,200000,3,0.9,200000,5,2,filtered_set,28.33229,20000,20000,23161
1,20000,200000,3,0.9,200000,6,0,bloom,23.29625,23161,20000,0
1,20000,200000,3,0.9,200000,6,1,filtered_set,28.078335,20000,20000,23161
1,20000,200000,3,0.9,200000,6,2,set,29.79604,20000,20000,200000
1,20000,200000,3,1,200000,0,0,set,27.530625,0,0,200000
1,20000,200000,3,1,200000,0,1,filtered_set,17.996045,0,0,3504
1,20000,200000,3,1,200000,0,2,bloom,16.75104,3504,0,0
1,20000,200000,3,1,200000,1,0,filtered_set,18.09604,0,0,3504
1,20000,200000,3,1,200000,1,1,bloom,16.213335,3504,0,0
1,20000,200000,3,1,200000,1,2,set,28.81854,0,0,200000
1,20000,200000,3,1,200000,2,0,bloom,15.886875,3504,0,0
1,20000,200000,3,1,200000,2,1,filtered_set,17.252295,0,0,3504
1,20000,200000,3,1,200000,2,2,set,27.69625,0,0,200000
1,20000,200000,3,1,200000,3,0,bloom,15.77125,3504,0,0
1,20000,200000,3,1,200000,3,1,filtered_set,17.796875,0,0,3504
1,20000,200000,3,1,200000,3,2,set,27.58208,0,0,200000
1,20000,200000,3,1,200000,4,0,set,27.443125,0,0,200000
1,20000,200000,3,1,200000,4,1,bloom,15.94604,3504,0,0
1,20000,200000,3,1,200000,4,2,filtered_set,17.14,0,0,3504
1,20000,200000,3,1,200000,5,0,bloom,15.981875,3504,0,0
1,20000,200000,3,1,200000,5,1,filtered_set,17.234375,0,0,3504
1,20000,200000,3,1,200000,5,2,set,27.69354,0,0,200000
1,20000,200000,3,1,200000,6,0,set,28.4675,0,0,200000
1,20000,200000,3,1,200000,6,1,filtered_set,17.338955,0,0,3504
1,20000,200000,3,1,200000,6,2,bloom,15.82083,3504,0,0
1,20000,200000,7,0,200000,0,0,filtered_set,47.866045,200000,200000,200000
1,20000,200000,7,0,200000,0,1,bloom,23.540625,200000,200000,0
1,20000,200000,7,0,200000,0,2,set,18.6375,200000,200000,200000
1,20000,200000,7,0,200000,1,0,set,18.41479,200000,200000,200000
1,20000,200000,7,0,200000,1,1,bloom,23.602085,200000,200000,0
1,20000,200000,7,0,200000,1,2,filtered_set,48.423545,200000,200000,200000
1,20000,200000,7,0,200000,2,0,filtered_set,48.545415,200000,200000,200000
1,20000,200000,7,0,200000,2,1,set,19.06021,200000,200000,200000
1,20000,200000,7,0,200000,2,2,bloom,23.50458,200000,200000,0
1,20000,200000,7,0,200000,3,0,filtered_set,49.12625,200000,200000,200000
1,20000,200000,7,0,200000,3,1,set,18.750835,200000,200000,200000
1,20000,200000,7,0,200000,3,2,bloom,23.483335,200000,200000,0
1,20000,200000,7,0,200000,4,0,filtered_set,47.743335,200000,200000,200000
1,20000,200000,7,0,200000,4,1,bloom,23.428125,200000,200000,0
1,20000,200000,7,0,200000,4,2,set,18.838125,200000,200000,200000
1,20000,200000,7,0,200000,5,0,bloom,23.79479,200000,200000,0
1,20000,200000,7,0,200000,5,1,set,18.5875,200000,200000,200000
1,20000,200000,7,0,200000,5,2,filtered_set,47.65771,200000,200000,200000
1,20000,200000,7,0,200000,6,0,filtered_set,47.628545,200000,200000,200000
1,20000,200000,7,0,200000,6,1,bloom,23.49521,200000,200000,0
1,20000,200000,7,0,200000,6,2,set,19.029165,200000,200000,200000
1,20000,200000,7,0.5,200000,0,0,bloom,33.130205,100816,100000,0
1,20000,200000,7,0.5,200000,0,1,filtered_set,45.38,100000,100000,100816
1,20000,200000,7,0.5,200000,0,2,set,33.387705,100000,100000,200000
1,20000,200000,7,0.5,200000,1,0,bloom,30.996045,100816,100000,0
1,20000,200000,7,0.5,200000,1,1,filtered_set,51.709375,100000,100000,100816
1,20000,200000,7,0.5,200000,1,2,set,34.11896,100000,100000,200000
1,20000,200000,7,0.5,200000,2,0,bloom,32.04271,100816,100000,0
1,20000,200000,7,0.5,200000,2,1,filtered_set,44.14,100000,100000,100816
1,20000,200000,7,0.5,200000,2,2,set,33.631875,100000,100000,200000
1,20000,200000,7,0.5,200000,3,0,filtered_set,44.31167,100000,100000,100816
1,20000,200000,7,0.5,200000,3,1,set,33.05,100000,100000,200000
1,20000,200000,7,0.5,200000,3,2,bloom,31.10979,100816,100000,0
1,20000,200000,7,0.5,200000,4,0,set,33.184165,100000,100000,200000
1,20000,200000,7,0.5,200000,4,1,bloom,31.23125,100816,100000,0
1,20000,200000,7,0.5,200000,4,2,filtered_set,44.2925,100000,100000,100816
1,20000,200000,7,0.5,200000,5,0,bloom,30.76271,100816,100000,0
1,20000,200000,7,0.5,200000,5,1,filtered_set,43.966665,100000,100000,100816
1,20000,200000,7,0.5,200000,5,2,set,32.80021,100000,100000,200000
1,20000,200000,7,0.5,200000,6,0,filtered_set,44.999795,100000,100000,100816
1,20000,200000,7,0.5,200000,6,1,bloom,30.753335,100816,100000,0
1,20000,200000,7,0.5,200000,6,2,set,33.18333,100000,100000,200000
1,20000,200000,7,0.9,200000,0,0,filtered_set,49.331665,20000,20000,21497
1,20000,200000,7,0.9,200000,0,1,set,38.42604,20000,20000,200000
1,20000,200000,7,0.9,200000,0,2,bloom,45.913545,21497,20000,0
1,20000,200000,7,0.9,200000,1,0,set,29.93875,20000,20000,200000
1,20000,200000,7,0.9,200000,1,1,filtered_set,43.75021,20000,20000,21497
1,20000,200000,7,0.9,200000,1,2,bloom,38.39229,21497,20000,0
1,20000,200000,7,0.9,200000,2,0,bloom,43.01021,21497,20000,0
1,20000,200000,7,0.9,200000,2,1,set,30.64229,20000,20000,200000
1,20000,200000,7,0.9,200000,2,2,filtered_set,43.385415,20000,20000,21497
1,20000,200000,7,0.9,200000,3,0,filtered_set,46.377085,20000,20000,21497
1,20000,200000,7,0.9,200000,3,1,set,28.94958,20000,20000,200000
1,20000,200000,7,0.9,200000,3,2,bloom,38.702085,21497,20000,0
1,20000,200000,7,0.9,200000,4,0,bloom,37.96646,21497,20000,0
1,20000,200000,7,0.9,200000,4,1,filtered_set,43.93396,20000,20000,21497
1,20000,200000,7,0.9,200000,4,2,set,33.23125,20000,20000,200000
1,20000,200000,7,0.9,200000,5,0,set,35.791665,20000,20000,200000
1,20000,200000,7,0.9,200000,5,1,bloom,39.81125,21497,20000,0
1,20000,200000,7,0.9,200000,5,2,filtered_set,53.86229,20000,20000,21497
1,20000,200000,7,0.9,200000,6,0,bloom,54.732915,21497,20000,0
1,20000,200000,7,0.9,200000,6,1,filtered_set,48.518335,20000,20000,21497
1,20000,200000,7,0.9,200000,6,2,set,31.182705,20000,20000,200000
1,20000,200000,7,1,200000,0,0,set,29.249375,0,0,200000
1,20000,200000,7,1,200000,0,1,filtered_set,41.569165,0,0,1672
1,20000,200000,7,1,200000,0,2,bloom,38.86375,1672,0,0
1,20000,200000,7,1,200000,1,0,filtered_set,40.33521,0,0,1672
1,20000,200000,7,1,200000,1,1,bloom,39.66521,1672,0,0
1,20000,200000,7,1,200000,1,2,set,28.144585,0,0,200000
1,20000,200000,7,1,200000,2,0,bloom,38.666875,1672,0,0
1,20000,200000,7,1,200000,2,1,filtered_set,40.295,0,0,1672
1,20000,200000,7,1,200000,2,2,set,27.90917,0,0,200000
1,20000,200000,7,1,200000,3,0,bloom,39.45417,1672,0,0
1,20000,200000,7,1,200000,3,1,filtered_set,40.21104,0,0,1672
1,20000,200000,7,1,200000,3,2,set,32.14854,0,0,200000
1,20000,200000,7,1,200000,4,0,set,30.210625,0,0,200000
1,20000,200000,7,1,200000,4,1,bloom,39.231875,1672,0,0
1,20000,200000,7,1,200000,4,2,filtered_set,41.14083,0,0,1672
1,20000,200000,7,1,200000,5,0,bloom,38.46083,1672,0,0
1,20000,200000,7,1,200000,5,1,filtered_set,40.26625,0,0,1672
1,20000,200000,7,1,200000,5,2,set,27.92396,0,0,200000
1,20000,200000,7,1,200000,6,0,set,29.525415,0,0,200000
1,20000,200000,7,1,200000,6,1,filtered_set,40.71771,0,0,1672
1,20000,200000,7,1,200000,6,2,bloom,39.13417,1672,0,0
1,20000,200000,11,0,200000,0,0,filtered_set,62.791665,200000,200000,200000
1,20000,200000,11,0,200000,0,1,bloom,36.839375,200000,200000,0
1,20000,200000,11,0,200000,0,2,set,18.786875,200000,200000,200000
1,20000,200000,11,0,200000,1,0,set,18.77479,200000,200000,200000
1,20000,200000,11,0,200000,1,1,bloom,37.02375,200000,200000,0
1,20000,200000,11,0,200000,1,2,filtered_set,62.490415,200000,200000,200000
1,20000,200000,11,0,200000,2,0,filtered_set,62.014375,200000,200000,200000
1,20000,200000,11,0,200000,2,1,set,18.85917,200000,200000,200000
1,20000,200000,11,0,200000,2,2,bloom,37.397295,200000,200000,0
1,20000,200000,11,0,200000,3,0,filtered_set,72.305,200000,200000,200000
1,20000,200000,11,0,200000,3,1,set,19.471875,200000,200000,200000
1,20000,200000,11,0,200000,3,2,bloom,38.19958,200000,200000,0
1,20000,200000,11,0,200000,4,0,filtered_set,63.98354,200000,200000,200000
1,20000,200000,11,0,200000,4,1,bloom,43.892085,200000,200000,0
1,20000,200000,11,0,200000,4,2,set,21.643335,200000,200000,200000
1,20000,200000,11,0,200000,5,0,bloom,46.999795,200000,200000,0
1,20000,200000,11,0,200000,5,1,set,34.53125,200000,200000,200000
1,20000,200000,11,0,200000,5,2,filtered_set,85.223955,200000,200000,200000
1,20000,200000,11,0,200000,6,0,filtered_set,62.399585,200000,200000,200000
1,20000,200000,11,0,200000,6,1,bloom,37.662085,200000,200000,0
1,20000,200000,11,0,200000,6,2,set,18.983545,200000,200000,200000
1,20000,200000,11,0.5,200000,0,0,bloom,39.31021,101197,100000,0
1,20000,200000,11,0.5,200000,0,1,filtered_set,52.28979,100000,100000,101197
1,20000,200000,11,0.5,200000,0,2,set,33.65396,100000,100000,200000
1,20000,200000,11,0.5,200000,1,0,bloom,39.994165,101197,100000,0
1,20000,200000,11,0.5,200000,1,1,filtered_set,54.26667,100000,100000,101197
1,20000,200000,11,0.5,200000,1,2,set,32.96917,100000,100000,200000
1,20000,200000,11,0.5,200000,2,0,bloom,38.73,101197,100000,0
1,20000,200000,11,0.5,200000,2,1,filtered_set,52.461875,100000,100000,101197
1,20000,200000,11,0.5,200000,2,2,set,33.215,100000,100000,200000
1,20000,200000,11,0.5,200000,3,0,filtered_set,51.674375,100000,100000,101197
1,20000,200000,11,0.5,200000,3,1,set,33.50875,100000,100000,200000
1,20000,200000,11,0.5,200000,3,2,bloom,38.833545,101197,100000,0
1,20000,200000,11,0.5,200000,4,0,set,33.06292,100000,100000,200000
1,20000,200000,11,0.5,200000,4,1,bloom,38.379585,101197,100000,0
1,20000,200000,11,0.5,200000,4,2,filtered_set,52.794375,100000,100000,101197
1,20000,200000,11,0.5,200000,5,0,bloom,38.613955,101197,100000,0
1,20000,200000,11,0.5,200000,5,1,filtered_set,52.23354,100000,100000,101197
1,20000,200000,11,0.5,200000,5,2,set,32.865,100000,100000,200000
1,20000,200000,11,0.5,200000,6,0,filtered_set,52.46146,100000,100000,101197
1,20000,200000,11,0.5,200000,6,1,bloom,38.11917,101197,100000,0
1,20000,200000,11,0.5,200000,6,2,set,33.45375,100000,100000,200000
1,20000,200000,11,0.9,200000,0,0,filtered_set,46.71375,20000,20000,22120
1,20000,200000,11,0.9,200000,0,1,set,32.40479,20000,20000,200000
1,20000,200000,11,0.9,200000,0,2,bloom,40.47896,22120,20000,0
1,20000,200000,11,0.9,200000,1,0,set,28.774165,20000,20000,200000
1,20000,200000,11,0.9,200000,1,1,filtered_set,46.615,20000,20000,22120
1,20000,200000,11,0.9,200000,1,2,bloom,41.578125,22120,20000,0
1,20000,200000,11,0.9,200000,2,0,bloom,41.803335,22120,20000,0
1,20000,200000,11,0.9,200000,2,1,set,35.51542,20000,20000,200000
1,20000,200000,11,0.9,200000,2,2,filtered_set,47.06333,20000,20000,22120
1,20000,200000,11,0.9,200000,3,0,filtered_set,47.427915,20000,20000,22120
1,20000,200000,11,0.9,200000,3,1,set,30.95979,20000,20000,200000
1,20000,200000,11,0.9,200000,3,2,bloom,40.87,22120,20000,0
1,20000,200000,11,0.9,200000,4,0,bloom,54.37667,22120,20000,0
1,20000,200000,11,0.9,200000,4,1,filtered_set,59.99271,20000,20000,22120
1,20000,200000,11,0.9,200000,4,2,set,29.33771,20000,20000,200000
1,20000,200000,11,0.9,200000,5,0,set,30.025,20000,20000,200000
1,20000,200000,11,0.9,200000,5,1,bloom,41.372915,22120,20000,0
1,20000,200000,11,0.9,200000,5,2,filtered_set,51.264585,20000,20000,22120
1,20000,200000,11,0.9,200000,6,0,bloom,50.340625,22120,20000,0
1,20000,200000,11,0.9,200000,6,1,filtered_set,47.11896,20000,20000,22120
1,20000,200000,11,0.9,200000,6,2,set,29.434585,20000,20000,200000
1,20000,200000,11,1,200000,0,0,set,33.11979,0,0,200000
1,20000,200000,11,1,200000,0,1,filtered_set,46.7475,0,0,2353
1,20000,200000,11,1,200000,0,2,bloom,41.935,2353,0,0
1,20000,200000,11,1,200000,1,0,filtered_set,49.235415,0,0,2353
1,20000,200000,11,1,200000,1,1,bloom,44.26792,2353,0,0
1,20000,200000,11,1,200000,1,2,set,38.196875,0,0,200000
1,20000,200000,11,1,200000,2,0,bloom,42.688335,2353,0,0
1,20000,200000,11,1,200000,2,1,filtered_set,47.247085,0,0,2353
1,20000,200000,11,1,200000,2,2,set,28.569585,0,0,200000
1,20000,200000,11,1,200000,3,0,bloom,46.548545,2353,0,0
1,20000,200000,11,1,200000,3,1,filtered_set,43.89875,0,0,2353
1,20000,200000,11,1,200000,3,2,set,28.63875,0,0,200000
1,20000,200000,11,1,200000,4,0,set,27.729375,0,0,200000
1,20000,200000,11,1,200000,4,1,bloom,43.23542,2353,0,0
1,20000,200000,11,1,200000,4,2,filtered_set,44.354375,0,0,2353
1,20000,200000,11,1,200000,5,0,bloom,42.1425,2353,0,0
1,20000,200000,11,1,200000,5,1,filtered_set,43.925415,0,0,2353
1,20000,200000,11,1,200000,5,2,set,28.14021,0,0,200000
1,20000,200000,11,1,200000,6,0,set,28.05667,0,0,200000
1,20000,200000,11,1,200000,6,1,filtered_set,43.90708,0,0,2353
1,20000,200000,11,1,200000,6,2,bloom,41.757915,2353,0,0
1,200000,2000000,1,0,200000,0,0,bloom,3.76292,200000,200000,0
1,200000,2000000,1,0,200000,0,1,filtered_set,27.24292,200000,200000,200000
1,200000,2000000,1,0,200000,0,2,set,21.64375,200000,200000,200000
1,200000,2000000,1,0,200000,1,0,bloom,3.824375,200000,200000,0
1,200000,2000000,1,0,200000,1,1,set,20.910835,200000,200000,200000
1,200000,2000000,1,0,200000,1,2,filtered_set,27.86021,200000,200000,200000
1,200000,2000000,1,0,200000,2,0,bloom,3.773125,200000,200000,0
1,200000,2000000,1,0,200000,2,1,set,21.256665,200000,200000,200000
1,200000,2000000,1,0,200000,2,2,filtered_set,27.74896,200000,200000,200000
1,200000,2000000,1,0,200000,3,0,bloom,3.736045,200000,200000,0
1,200000,2000000,1,0,200000,3,1,filtered_set,27.659585,200000,200000,200000
1,200000,2000000,1,0,200000,3,2,set,21.909165,200000,200000,200000
1,200000,2000000,1,0,200000,4,0,bloom,3.88917,200000,200000,0
1,200000,2000000,1,0,200000,4,1,set,20.48375,200000,200000,200000
1,200000,2000000,1,0,200000,4,2,filtered_set,27.35896,200000,200000,200000
1,200000,2000000,1,0,200000,5,0,bloom,3.69542,200000,200000,0
1,200000,2000000,1,0,200000,5,1,set,21.347705,200000,200000,200000
1,200000,2000000,1,0,200000,5,2,filtered_set,27.36396,200000,200000,200000
1,200000,2000000,1,0,200000,6,0,set,20.579375,200000,200000,200000
1,200000,2000000,1,0,200000,6,1,bloom,3.72854,200000,200000,0
1,200000,2000000,1,0,200000,6,2,filtered_set,28.336455,200000,200000,200000
1,200000,2000000,1,0.5,200000,0,0,filtered_set,37.95896,100000,100000,109376
1,200000,2000000,1,0.5,200000,0,1,set,35.369375,100000,100000,200000
1,200000,2000000,1,0.5,200000,0,2,bloom,19.87896,109376,100000,0
1,200000,2000000,1,0.5,200000,1,0,set,35.45208,100000,100000,200000
1,200000,2000000,1,0.5,200000,1,1,bloom,19.744585,109376,100000,0
1,200000,2000000,1,0.5,200000,1,2,filtered_set,37.14292,100000,100000,109376
1,200000,2000000,1,0.5,200000,2,0,bloom,20.79333,109376,100000,0
1,200000,2000000,1,0.5,200000,2,1,filtered_set,38.34042,100000,100000,109376
1,200000,2000000,1,0.5,200000,2,2,set,35.389795,100000,100000,200000
1,200000,2000000,1,0.5,200000,3,0,filtered_set,36.963335,100000,100000,109376
1,200000,2000000,1,0.5,200000,3,1,set,35.71479,100000,100000,200000
1,200000,2000000,1,0.5,200000,3,2,bloom,20.69521,109376,100000,0
1,200000,2000000,1,0.5,200000,4,0,filtered_set,38.801665,100000,100000,109376
1,200000,2000000,1,0.5,200000,4,1,bloom,20.010625,109376,100000,0
1,200000,2000000,1,0.5,200000,4,2,set,37.56875,100000,100000,200000
1,200000,2000000,1,0.5,200000,5,0,filtered_set,37.71917,100000,100000,109376
1,200000,2000000,1,0.5,200000,5,1,bloom,20.98,109376,100000,0
1,200000,2000000,1,0.5,200000,5,2,set,37.362915,100000,100000,200000
1,200000,2000000,1,0.5,200000,6,0,set,35.61854,100000,100000,200000
1,200000,2000000,1,0.5,200000,6,1,filtered_set,36.999165,100000,100000,109376
1,200000,2000000,1,0.5,200000,6,2,bloom,19.81125,109376,100000,0
1,200000,2000000,1,0.9,200000,0,0,filtered_set,20.329375,20000,20000,37059
1,200000,2000000,1,0.9,200000,0,1,set,31.30625,20000,20000,200000
1,200000,2000000,1,0.9,200000,0,2,bloom,10.125835,37059,20000,0
1,200000,2000000,1,0.9,200000,1,0,set,31.397085,20000,20000,200000
1,200000,2000000,1,0.9,200000,1,1,filtered_set,22.115835,20000,20000,37059
1,200000,2000000,1,0.9,200000,1,2,bloom,10.403955,37059,20000,0
1,200000,2000000,1,0.9,200000,2,0,set,31.996665,20000,20000,200000
1,200000,2000000,1,0.9,200000,2,1,bloom,10.07625,37059,20000,0
1,200000,2000000,1,0.9,200000,2,2,filtered_set,20.41167,20000,20000,37059
1,200000,2000000,1,0.9,200000,3,0,bloom,10.132085,37059,20000,0
1,200000,2000000,1,0.9,200000,3,1,set,30.90646,20000,20000,200000
1,200000,2000000,1,0.9,200000,3,2,filtered_set,20.34375,20000,20000,37059
1,200000,2000000,1,0.9,200000,4,0,set,32.17625,20000,20000,200000
1,200000,2000000,1,0.9,200000,4,1,bloom,10.165415,37059,20000,0
1,200000,2000000,1,0.9,200000,4,2,filtered_set,20.63958,20000,20000,37059
1,200000,2000000,1,0.9,200000,5,0,filtered_set,20.28833,20000,20000,37059
1,200000,2000000,1,0.9,200000,5,1,bloom,10.17417,37059,20000,0
1,200000,2000000,1,0.9,200000,5,2,set,31.38208,20000,20000,200000
1,200000,2000000,1,0.9,200000,6,0,bloom,10.29604,37059,20000,0
1,200000,2000000,1,0.9,200000,6,1,filtered_set,20.53667,20000,20000,37059
1,200000,2000000,1,0.9,200000,6,2,set,32.05771,20000,20000,200000
1,200000,2000000,1,1,200000,0,0,set,30.204165,0,0,200000
1,200000,2000000,1,1,200000,0,1,filtered_set,10.867915,0,0,18934
1,200000,2000000,1,1,200000,0,2,bloom,6.76125,18934,0,0
1,200000,2000000,1,1,200000,1,0,set,30.11542,0,0,200000
1,200000,2000000,1,1,200000,1,1,bloom,7.075415,18934,0,0
1,200000,2000000,1,1,200000,1,2,filtered_set,11.70875,0,0,18934
1,200000,2000000,1,1,200000,2,0,bloom,6.73104,18934,0,0
1,200000,2000000,1,1,200000,2,1,filtered_set,10.93458,0,0,18934
1,200000,2000000,1,1,200000,2,2,set,30.238125,0,0,200000
1,200000,2000000,1,1,200000,3,0,filtered_set,10.866875,0,0,18934
1,200000,2000000,1,1,200000,3,1,set,29.70333,0,0,200000
1,200000,2000000,1,1,200000,3,2,bloom,6.80396,18934,0,0
1,200000,2000000,1,1,200000,4,0,filtered_set,10.88583,0,0,18934
1,200000,2000000,1,1,200000,4,1,set,29.66479,0,0,200000
1,200000,2000000,1,1,200000,4,2,bloom,6.71396,18934,0,0
1,200000,2000000,1,1,200000,5,0,set,30.74021,0,0,200000
1,200000,2000000,1,1,200000,5,1,filtered_set,10.985415,0,0,18934
1,200000,2000000,1,1,200000,5,2,bloom,6.727705,18934,0,0
1,200000,2000000,1,1,200000,6,0,set,29.605415,0,0,200000
1,200000,2000000,1,1,200000,6,1,filtered_set,11.18417,0,0,18934
1,200000,2000000,1,1,200000,6,2,bloom,6.7825,18934,0,0
1,200000,2000000,3,0,200000,0,0,bloom,10.57854,200000,200000,0
1,200000,2000000,3,0,200000,0,1,filtered_set,37.131665,200000,200000,200000
1,200000,2000000,3,0,200000,0,2,set,20.331455,200000,200000,200000
1,200000,2000000,3,0,200000,1,0,bloom,10.530625,200000,200000,0
1,200000,2000000,3,0,200000,1,1,set,20.1625,200000,200000,200000
1,200000,2000000,3,0,200000,1,2,filtered_set,37.8925,200000,200000,200000
1,200000,2000000,3,0,200000,2,0,bloom,10.521045,200000,200000,0
1,200000,2000000,3,0,200000,2,1,set,20.698545,200000,200000,200000
1,200000,2000000,3,0,200000,2,2,filtered_set,36.7375,200000,200000,200000
1,200000,2000000,3,0,200000,3,0,bloom,10.511455,200000,200000,0
1,200000,2000000,3,0,200000,3,1,filtered_set,36.983335,200000,200000,200000
1,200000,2000000,3,0,200000,3,2,set,20.5,200000,200000,200000
1,200000,2000000,3,0,200000,4,0,bloom,10.496875,200000,200000,0
1,200000,2000000,3,0,200000,4,1,set,21.546045,200000,200000,200000
1,200000,2000000,3,0,200000,4,2,filtered_set,36.79,200000,200000,200000
1,200000,2000000,3,0,200000,5,0,bloom,10.529375,200000,200000,0
1,200000,2000000,3,0,200000,5,1,set,20.556875,200000,200000,200000
1,200000,2000000,3,0,200000,5,2,filtered_set,36.744585,200000,200000,200000
1,200000,2000000,3,0,200000,6,0,set,20.48604,200000,200000,200000
1,200000,2000000,3,0,200000,6,1,bloom,10.55979,200000,200000,0
1,200000,2000000,3,0,200000,6,2,filtered_set,38.157295,200000,200000,200000
1,200000,2000000,3,0.5,200000,0,0,filtered_set,40.54875,100000,100000,101718
1,200000,2000000,3,0.5,200000,0,1,set,35.78625,100000,100000,200000
1,200000,2000000,3,0.5,200000,0,2,bloom,25.787915,101718,100000,0
1,200000,2000000,3,0.5,200000,1,0,set,35.378125,100000,100000,200000
1,200000,2000000,3,0.5,200000,1,1,bloom,26.19625,101718,100000,0
1,200000,2000000,3,0.5,200000,1,2,filtered_set,41.88021,100000,100000,101718
1,200000,2000000,3,0.5,200000,2,0,bloom,25.01417,101718,100000,0
1,200000,2000000,3,0.5,200000,2,1,filtered_set,41.641455,100000,100000,101718
1,200000,2000000,3,0.5,200000,2,2,set,35.45854,100000,100000,200000
1,200000,2000000,3,0.5,200000,3,0,filtered_set,41.597085,100000,100000,101718
1,200000,2000000,3,0.5,200000,3,1,set,35.8775,100000,100000,200000
1,200000,2000000,3,0.5,200000,3,2,bloom,25.938125,101718,100000,0
1,200000,2000000,3,0.5,200000,4,0,filtered_set,41.56875,100000,100000,101718
1,200000,2000000,3,0.5,200000,4,1,bloom,25.299375,101718,100000,0
1,200000,2000000,3,0.5,200000,4,2,set,37.00333,100000,100000,200000
1,200000,2000000,3,0.5,200000,5,0,filtered_set,40.765625,100000,100000,101718
1,200000,2000000,3,0.5,200000,5,1,bloom,25.59146,101718,100000,0
1,200000,2000000,3,0.5,200000,5,2,set,35.400625,100000,100000,200000
1,200000,2000000,3,0.5,200000,6,0,set,35.74354,100000,100000,200000
1,200000,2000000,3,0.5,200000,6,1,filtered_set,42.13625,100000,100000,101718
1,200000,2000000,3,0.5,200000,6,2,bloom,25.42333,101718,100000,0
1,200000,2000000,3,0.9,200000,0,0,filtered_set,31.030625,20000,20000,23153
1,200000,2000000,3,0.9,200000,0,1,set,32.373125,20000,20000,200000
1,200000,2000000,3,0.9,200000,0,2,bloom,24.842915,23153,20000,0
1,200000,2000000,3,0.9,200000,1,0,set,30.62458,20000,20000,200000
1,200000,2000000,3,0.9,200000,1,1,filtered_set,31.832915,20000,20000,23153
1,200000,2000000,3,0.9,200000,1,2,bloom,24.642085,23153,20000,0
1,200000,2000000,3,0.9,200000,2,0,set,31.52083,20000,20000,200000
1,200000,2000000,3,0.9,200000,2,1,bloom,24.96896,23153,20000,0
1,200000,2000000,3,0.9,200000,2,2,filtered_set,30.3425,20000,20000,23153
1,200000,2000000,3,0.9,200000,3,0,bloom,25.314165,23153,20000,0
1,200000,2000000,3,0.9,200000,3,1,set,32.76604,20000,20000,200000
1,200000,2000000,3,0.9,200000,3,2,filtered_set,30.92542,20000,20000,23153
1,200000,2000000,3,0.9,200000,4,0,set,31.346665,20000,20000,200000
1,200000,2000000,3,0.9,200000,4,1,bloom,24.240835,23153,20000,0
1,200000,2000000,3,0.9,200000,4,2,filtered_set,30.48375,20000,20000,23153
1,200000,2000000,3,0.9,200000,5,0,filtered_set,31.3775,20000,20000,23153
1,200000,2000000,3,0.9,200000,5,1,bloom,24.909795,23153,20000,0
1,200000,2000000,3,0.9,200000,5,2,set,32.17375,20000,20000,200000
1,200000,2000000,3,0.9,200000,6,0,bloom,24.473545,23153,20000,0
1,200000,2000000,3,0.9,200000,6,1,filtered_set,30.25125,20000,20000,23153
1,200000,2000000,3,0.9,200000,6,2,set,31.353545,20000,20000,200000
1,200000,2000000,3,1,200000,0,0,set,31.53604,0,0,200000
1,200000,2000000,3,1,200000,0,1,filtered_set,18.83396,0,0,3531
1,200000,2000000,3,1,200000,0,2,bloom,18.693125,3531,0,0
1,200000,2000000,3,1,200000,1,0,set,33.422295,0,0,200000
1,200000,2000000,3,1,200000,1,1,bloom,17.150415,3531,0,0
1,200000,2000000,3,1,200000,1,2,filtered_set,18.555625,0,0,3531
1,200000,2000000,3,1,200000,2,0,bloom,17.113955,3531,0,0
1,200000,2000000,3,1,200000,2,1,filtered_set,19.25479,0,0,3531
1,200000,2000000,3,1,200000,2,2,set,31.218335,0,0,200000
1,200000,2000000,3,1,200000,3,0,filtered_set,18.92479,0,0,3531
1,200000,2000000,3,1,200000,3,1,set,31.347915,0,0,200000
1,200000,2000000,3,1,200000,3,2,bloom,17.42229,3531,0,0
1,200000,2000000,3,1,200000,4,0,filtered_set,18.72979,0,0,3531
1,200000,2000000,3,1,200000,4,1,set,29.925,0,0,200000
1,200000,2000000,3,1,200000,4,2,bloom,16.949375,3531,0,0
1,200000,2000000,3,1,200000,5,0,set,29.7575,0,0,200000
1,200000,2000000,3,1,200000,5,1,filtered_set,18.67125,0,0,3531
1,200000,2000000,3,1,200000,5,2,bloom,17.77229,3531,0,0
1,200000,2000000,3,1,200000,6,0,set,30.55375,0,0,200000
1,200000,2000000,3,1,200000,6,1,filtered_set,18.561455,0,0,3531
1,200000,2000000,3,1,200000,6,2,bloom,16.872295,3531,0,0
1,200000,2000000,7,0,200000,0,0,bloom,24.27625,200000,200000,0
1,200000,2000000,7,0,200000,0,1,filtered_set,54.634375,200000,200000,200000
1,200000,2000000,7,0,200000,0,2,set,20.79479,200000,200000,200000
1,200000,2000000,7,0,200000,1,0,bloom,24.329375,200000,200000,0
1,200000,2000000,7,0,200000,1,1,set,20.349375,200000,200000,200000
1,200000,2000000,7,0,200000,1,2,filtered_set,52.71875,200000,200000,200000
1,200000,2000000,7,0,200000,2,0,bloom,24.26854,200000,200000,0
1,200000,2000000,7,0,200000,2,1,set,20.458955,200000,200000,200000
1,200000,2000000,7,0,200000,2,2,filtered_set,53.45979,200000,200000,200000
1,200000,2000000,7,0,200000,3,0,bloom,24.238545,200000,200000,0
1,200000,2000000,7,0,200000,3,1,filtered_set,52.350415,200000,200000,200000
1,200000,2000000,7,0,200000,3,2,set,20.90521,200000,200000,200000
1,200000,2000000,7,0,200000,4,0,bloom,25.16375,200000,200000,0
1,200000,2000000,7,0,200000,4,1,set,20.786875,200000,200000,200000
1,200000,2000000,7,0,200000,4,2,filtered_set,52.54646,200000,200000,200000
1,200000,2000000,7,0,200000,5,0,bloom,24.194165,200000,200000,0
1,200000,2000000,7,0,200000,5,1,set,20.502085,200000,200000,200000
1,200000,2000000,7,0,200000,5,2,filtered_set,53.966875,200000,200000,200000
1,200000,2000000,7,0,200000,6,0,set,21.30229,200000,200000,200000
1,200000,2000000,7,0,200000,6,1,bloom,24.3175,200000,200000,0
1,200000,2000000,7,0,200000,6,2,filtered_set,53.05542,200000,200000,200000
1,200000,2000000,7,0.5,200000,0,0,filtered_set,48.837915,100000,100000,100790
1,200000,2000000,7,0.5,200000,0,1,set,35.379165,100000,100000,200000
1,200000,2000000,7,0.5,200000,0,2,bloom,32.81792,100790,100000,0
1,200000,2000000,7,0.5,200000,1,0,set,35.51458,100000,100000,200000
1,200000,2000000,7,0.5,200000,1,1,bloom,32.582915,100790,100000,0
1,200000,2000000,7,0.5,200000,1,2,filtered_set,51.30125,100000,100000,100790
1,200000,2000000,7,0.5,200000,2,0,bloom,32.83583,100790,100000,0
1,200000,2000000,7,0.5,200000,2,1,filtered_set,49.95604,100000,100000,100790
1,200000,2000000,7,0.5,200000,2,2,set,36.01854,100000,100000,200000
1,200000,2000000,7,0.5,200000,3,0,filtered_set,49.766455,100000,100000,100790
1,200000,2000000,7,0.5,200000,3,1,set,35.767915,100000,100000,200000
1,200000,2000000,7,0.5,200000,3,2,bloom,33.474375,100790,100000,0
1,200000,2000000,7,0.5,200000,4,0,filtered_set,49.20896,100000,100000,100790
1,200000,2000000,7,0.5,200000,4,1,bloom,34.57625,100790,100000,0
1,200000,2000000,7,0.5,200000,4,2,set,36.379375,100000,100000,200000
1,200000,2000000,7,0.5,200000,5,0,filtered_set,49.95125,100000,100000,100790
1,200000,2000000,7,0.5,200000,5,1,bloom,33.03271,100790,100000,0
1,200000,2000000,7,0.5,200000,5,2,set,36.5575,100000,100000,200000
1,200000,2000000,7,0.5,200000,6,0,set,36.07458,100000,100000,200000
1,200000,2000000,7,0.5,200000,6,1,filtered_set,49.38625,100000,100000,100790
1,200000,2000000,7,0.5,200000,6,2,bloom,33.03625,100790,100000,0
1,200000,2000000,7,0.9,200000,0,0,filtered_set,46.929585,20000,20000,21452
1,200000,2000000,7,0.9,200000,0,1,set,31.87771,20000,20000,200000
1,200000,2000000,7,0.9,200000,0,2,bloom,40.706875,21452,20000,0
1,200000,2000000,7,0.9,200000,1,0,set,31.367085,20000,20000,200000
1,200000,2000000,7,0.9,200000,1,1,filtered_set,47.14667,20000,20000,21452
1,200000,2000000,7,0.9,200000,1,2,bloom,40.78021,21452,20000,0
1,200000,2000000,7,0.9,200000,2,0,set,31.905415,20000,20000,200000
1,200000,2000000,7,0.9,200000,2,1,bloom,40.922915,21452,20000,0
1,200000,2000000,7,0.9,200000,2,2,filtered_set,48.1075,20000,20000,21452
1,200000,2000000,7,0.9,200000,3,0,bloom,40.839375,21452,20000,0
1,200000,2000000,7,0.9,200000,3,1,set,32.06625,20000,20000,200000
1,200000,2000000,7,0.9,200000,3,2,filtered_set,46.97729,20000,20000,21452
1,200000,2000000,7,0.9,200000,4,0,set,31.145625,20000,20000,200000
1,200000,2000000,7,0.9,200000,4,1,bloom,41.606875,21452,20000,0
1,200000,2000000,7,0.9,200000,4,2,filtered_set,47.0725,20000,20000,21452
1,200000,2000000,7,0.9,200000,5,0,filtered_set,48.53979,20000,20000,21452
1,200000,2000000,7,0.9,200000,5,1,bloom,42.858335,21452,20000,0
1,200000,2000000,7,0.9,200000,5,2,set,32.26208,20000,20000,200000
1,200000,2000000,7,0.9,200000,6,0,bloom,40.6375,21452,20000,0
1,200000,2000000,7,0.9,200000,6,1,filtered_set,46.850835,20000,20000,21452
1,200000,2000000,7,0.9,200000,6,2,set,31.516875,20000,20000,200000
1,200000,2000000,7,1,200000,0,0,set,34.450415,0,0,200000
1,200000,2000000,7,1,200000,0,1,filtered_set,46.803955,0,0,1633
1,200000,2000000,7,1,200000,0,2,bloom,42.896455,1633,0,0
1,200000,2000000,7,1,200000,1,0,set,42.64771,0,0,200000
1,200000,2000000,7,1,200000,1,1,bloom,49.07792,1633,0,0
1,200000,2000000,7,1,200000,1,2,filtered_set,56.30396,0,0,1633
1,200000,2000000,7,1,200000,2,0,bloom,45.839375,1633,0,0
1,200000,2000000,7,1,200000,2,1,filtered_set,70.12229,0,0,1633
1,200000,2000000,7,1,200000,2,2,set,84.58979,0,0,200000
1,200000,2000000,7,1,200000,3,0,filtered_set,55.499795,0,0,1633
1,200000,2000000,7,1,200000,3,1,set,69.64458,0,0,200000
1,200000,2000000,7,1,200000,3,2,bloom,70.90375,1633,0,0
1,200000,2000000,7,1,200000,4,0,filtered_set,45.83104,0,0,1633
1,200000,2000000,7,1,200000,4,1,set,97.24604,0,0,200000
1,200000,2000000,7,1,200000,4,2,bloom,43.72354,1633,0,0
1,200000,2000000,7,1,200000,5,0,set,63.495625,0,0,200000
1,200000,2000000,7,1,200000,5,1,filtered_set,44.09375,0,0,1633
1,200000,2000000,7,1,200000,5,2,bloom,45.54167,1633,0,0
1,200000,2000000,7,1,200000,6,0,set,39.72625,0,0,200000
1,200000,2000000,7,1,200000,6,1,filtered_set,48.363335,0,0,1633
1,200000,2000000,7,1,200000,6,2,bloom,50.75375,1633,0,0
1,200000,2000000,11,0,200000,0,0,bloom,66.85646,200000,200000,0
1,200000,2000000,11,0,200000,0,1,filtered_set,132.70167,200000,200000,200000
1,200000,2000000,11,0,200000,0,2,set,30.831665,200000,200000,200000
1,200000,2000000,11,0,200000,1,0,bloom,64.61354,200000,200000,0
1,200000,2000000,11,0,200000,1,1,set,28.6025,200000,200000,200000
1,200000,2000000,11,0,200000,1,2,filtered_set,202.18521,200000,200000,200000
1,200000,2000000,11,0,200000,2,0,bloom,54.54396,200000,200000,0
1,200000,2000000,11,0,200000,2,1,set,39.565205,200000,200000,200000
1,200000,2000000,11,0,200000,2,2,filtered_set,101.785,200000,200000,200000
1,200000,2000000,11,0,200000,3,0,bloom,45.40125,200000,200000,0
1,200000,2000000,11,0,200000,3,1,filtered_set,80.226665,200000,200000,200000
1,200000,2000000,11,0,200000,3,2,set,20.43229,200000,200000,200000
1,200000,2000000,11,0,200000,4,0,bloom,57.68979,200000,200000,0
1,200000,2000000,11,0,200000,4,1,set,33.605835,200000,200000,200000
1,200000,2000000,11,0,200000,4,2,filtered_set,157.730625,200000,200000,200000
1,200000,2000000,11,0,200000,5,0,bloom,64.362085,200000,200000,0
1,200000,2000000,11,0,200000,5,1,set,20.50875,200000,200000,200000
1,200000,2000000,11,0,200000,5,2,filtered_set,84.884375,200000,200000,200000
1,200000,2000000,11,0,200000,6,0,set,33.29604,200000,200000,200000
1,200000,2000000,11,0,200000,6,1,bloom,55.12979,200000,200000,0
1,200000,2000000,11,0,200000,6,2,filtered_set,115.029165,200000,200000,200000
1,200000,2000000,11,0.5,200000,0,0,filtered_set,89.08125,100000,100000,101164
1,200000,2000000,11,0.5,200000,0,1,set,35.87,100000,100000,200000
1,200000,2000000,11,0.5,200000,0,2,bloom,60.16875,101164,100000,0
1,200000,2000000,11,0.5,200000,1,0,set,65.88104,100000,100000,200000
1,200000,2000000,11,0.5,200000,1,1,bloom,62.812915,101164,100000,0
1,200000,2000000,11,0.5,200000,1,2,filtered_set,126.15604,100000,100000,101164
1,200000,2000000,11,0.5,200000,2,0,bloom,60.35417,101164,100000,0
1,200000,2000000,11,0.5,200000,2,1,filtered_set,86.614795,100000,100000,101164
1,200000,2000000,11,0.5,200000,2,2,set,48.3525,100000,100000,200000
1,200000,2000000,11,0.5,200000,3,0,filtered_set,124.23458,100000,100000,101164
1,200000,2000000,11,0.5,200000,3,1,set,57.194795,100000,100000,200000
1,200000,2000000,11,0.5,200000,3,2,bloom,58.34396,101164,100000,0
1,200000,2000000,11,0.5,200000,4,0,filtered_set,103.80604,100000,100000,101164
1,200000,2000000,11,0.5,200000,4,1,bloom,52.233545,101164,100000,0
1,200000,2000000,11,0.5,200000,4,2,set,67.078955,100000,100000,200000
1,200000,2000000,11,0.5,200000,5,0,filtered_set,94.681045,100000,100000,101164
1,200000,2000000,11,0.5,200000,5,1,bloom,70.099165,101164,100000,0
1,200000,2000000,11,0.5,200000,5,2,set,89.870835,100000,100000,200000
1,200000,2000000,11,0.5,200000,6,0,set,67.44604,100000,100000,200000
1,200000,2000000,11,0.5,200000,6,1,filtered_set,78.64667,100000,100000,101164
1,200000,2000000,11,0.5,200000,6,2,bloom,65.629795,101164,100000,0
1,200000,2000000,11,0.9,200000,0,0,filtered_set,59.831875,20000,20000,22148
1,200000,2000000,11,0.9,200000,0,1,set,66.08458,20000,20000,200000
1,200000,2000000,11,0.9,200000,0,2,bloom,47.594375,22148,20000,0
1,200000,2000000,11,0.9,200000,1,0,set,67.881665,20000,20000,200000
1,200000,2000000,11,0.9,200000,1,1,filtered_set,59.75021,20000,20000,22148
1,200000,2000000,11,0.9,200000,1,2,bloom,61.198125,22148,20000,0
1,200000,2000000,11,0.9,200000,2,0,set,31.340625,20000,20000,200000
1,200000,2000000,11,0.9,200000,2,1,bloom,51.535835,22148,20000,0
1,200000,2000000,11,0.9,200000,2,2,filtered_set,93.22125,20000,20000,22148
1,200000,2000000,11,0.9,200000,3,0,bloom,51.137705,22148,20000,0
1,200000,2000000,11,0.9,200000,3,1,set,82.072915,20000,20000,200000
1,200000,2000000,11,0.9,200000,3,2,filtered_set,63.711455,20000,20000,22148
1,200000,2000000,11,0.9,200000,4,0,set,36.63604,20000,20000,200000
1,200000,2000000,11,0.9,200000,4,1,bloom,61.02646,22148,20000,0
1,200000,2000000,11,0.9,200000,4,2,filtered_set,91.35104,20000,20000,22148
1,200000,2000000,11,0.9,200000,5,0,filtered_set,81.95146,20000,20000,22148
1,200000,2000000,11,0.9,200000,5,1,bloom,83.863125,22148,20000,0
1,200000,2000000,11,0.9,200000,5,2,set,164.934795,20000,20000,200000
1,200000,2000000,11,0.9,200000,6,0,bloom,75.96396,22148,20000,0
1,200000,2000000,11,0.9,200000,6,1,filtered_set,66.32146,20000,20000,22148
1,200000,2000000,11,0.9,200000,6,2,set,36.04542,20000,20000,200000
1,200000,2000000,11,1,200000,0,0,set,56.92396,0,0,200000
1,200000,2000000,11,1,200000,0,1,filtered_set,73.003335,0,0,2396
1,200000,2000000,11,1,200000,0,2,bloom,54.675625,2396,0,0
1,200000,2000000,11,1,200000,1,0,set,31.654375,0,0,200000
1,200000,2000000,11,1,200000,1,1,bloom,46.358125,2396,0,0
1,200000,2000000,11,1,200000,1,2,filtered_set,59.035835,0,0,2396
1,200000,2000000,11,1,200000,2,0,bloom,46.816875,2396,0,0
1,200000,2000000,11,1,200000,2,1,filtered_set,54.29542,0,0,2396
1,200000,2000000,11,1,200000,2,2,set,56.64,0,0,200000
1,200000,2000000,11,1,200000,3,0,filtered_set,62.13104,0,0,2396
1,200000,2000000,11,1,200000,3,1,set,54.384165,0,0,200000
1,200000,2000000,11,1,200000,3,2,bloom,59.788955,2396,0,0
1,200000,2000000,11,1,200000,4,0,filtered_set,65.328545,0,0,2396
1,200000,2000000,11,1,200000,4,1,set,54.59396,0,0,200000
1,200000,2000000,11,1,200000,4,2,bloom,49.4425,2396,0,0
1,200000,2000000,11,1,200000,5,0,set,41.680415,0,0,200000
1,200000,2000000,11,1,200000,5,1,filtered_set,62.634375,0,0,2396
1,200000,2000000,11,1,200000,5,2,bloom,52.0025,2396,0,0
1,200000,2000000,11,1,200000,6,0,set,55.705625,0,0,200000
1,200000,2000000,11,1,200000,6,1,filtered_set,67.496875,0,0,2396
1,200000,2000000,11,1,200000,6,2,bloom,50.05125,2396,0,0
2,20000,200000,1,0,200000,0,0,set,57.59083,200000,200000,200000
2,20000,200000,1,0,200000,0,1,bloom,7.550625,200000,200000,0
2,20000,200000,1,0,200000,0,2,filtered_set,31.588125,200000,200000,200000
2,20000,200000,1,0,200000,1,0,filtered_set,42.517085,200000,200000,200000
2,20000,200000,1,0,200000,1,1,bloom,3.583335,200000,200000,0
2,20000,200000,1,0,200000,1,2,set,19.82667,200000,200000,200000
2,20000,200000,1,0,200000,2,0,filtered_set,32.43292,200000,200000,200000
2,20000,200000,1,0,200000,2,1,bloom,3.571875,200000,200000,0
2,20000,200000,1,0,200000,2,2,set,19.19833,200000,200000,200000
2,20000,200000,1,0,200000,3,0,filtered_set,33.6525,200000,200000,200000
2,20000,200000,1,0,200000,3,1,set,19.188335,200000,200000,200000
2,20000,200000,1,0,200000,3,2,bloom,3.610625,200000,200000,0
2,20000,200000,1,0,200000,4,0,filtered_set,30.88125,200000,200000,200000
2,20000,200000,1,0,200000,4,1,set,21.45375,200000,200000,200000
2,20000,200000,1,0,200000,4,2,bloom,3.57125,200000,200000,0
2,20000,200000,1,0,200000,5,0,set,39.284165,200000,200000,200000
2,20000,200000,1,0,200000,5,1,filtered_set,31.81042,200000,200000,200000
2,20000,200000,1,0,200000,5,2,bloom,5.3975,200000,200000,0
2,20000,200000,1,0,200000,6,0,bloom,3.612085,200000,200000,0
2,20000,200000,1,0,200000,6,1,filtered_set,25.28417,200000,200000,200000
2,20000,200000,1,0,200000,6,2,set,19.27604,200000,200000,200000
2,20000,200000,1,0.5,200000,0,0,bloom,19.649165,109484,100000,0
2,20000,200000,1,0.5,200000,0,1,set,36.16979,100000,100000,200000
2,20000,200000,1,0.5,200000,0,2,filtered_set,35.858335,100000,100000,109484
2,20000,200000,1,0.5,200000,1,0,bloom,19.659795,109484,100000,0
2,20000,200000,1,0.5,200000,1,1,filtered_set,45.07208,100000,100000,109484
2,20000,200000,1,0.5,200000,1,2,set,34.5475,100000,100000,200000
2,20000,200000,1,0.5,200000,2,0,set,33.571665,100000,100000,200000
2,20000,200000,1,0.5,200000,2,1,filtered_set,38.753335,100000,100000,109484
2,20000,200000,1,0.5,200000,2,2,bloom,50.164585,109484,100000,0
2,20000,200000,1,0.5,200000,3,0,set,41.247705,100000,100000,200000
2,20000,200000,1,0.5,200000,3,1,filtered_set,35.428335,100000,100000,109484
2,20000,200000,1,0.5,200000,3,2,bloom,18.683545,109484,100000,0
2,20000,200000,1,0.5,200000,4,0,filtered_set,35.840415,100000,100000,109484
2,20000,200000,1,0.5,200000,4,1,bloom,42.48125,109484,100000,0
2,20000,200000,1,0.5,200000,4,2,set,59.421875,100000,100000,200000
2,20000,200000,1,0.5,200000,5,0,bloom,22.143125,109484,100000,0
2,20000,200000,1,0.5,200000,5,1,set,37.47,100000,100000,200000
2,20000,200000,1,0.5,200000,5,2,filtered_set,45.003335,100000,100000,109484
2,20000,200000,1,0.5,200000,6,0,filtered_set,59.80479,100000,100000,109484
2,20000,200000,1,0.5,200000,6,1,bloom,62.67917,109484,100000,0
2,20000,200000,1,0.5,200000,6,2,set,39.303335,100000,100000,200000
2,20000,200000,1,0.9,200000,0,0,filtered_set,24.88771,20000,20000,37138
2,20000,200000,1,0.9,200000,0,1,bloom,11.90396,37138,20000,0
2,20000,200000,1,0.9,200000,0,2,set,34.76021,20000,20000,200000
2,20000,200000,1,0.9,200000,1,0,set,34.207085,20000,20000,200000
2,20000,200000,1,0.9,200000,1,1,bloom,13.1025,37138,20000,0
2,20000,200000,1,0.9,200000,1,2,filtered_set,20.645625,20000,20000,37138
2,20000,200000,1,0.9,200000,2,0,filtered_set,20.906665,20000,20000,37138
2,20000,200000,1,0.9,200000,2,1,bloom,12.2775,37138,20000,0
2,20000,200000,1,0.9,200000,2,2,set,35.950415,20000,20000,200000
2,20000,200000,1,0.9,200000,3,0,bloom,12.25375,37138,20000,0
2,20000,200000,1,0.9,200000,3,1,filtered_set,37.55271,20000,20000,37138
2,20000,200000,1,0.9,200000,3,2,set,40.27125,20000,20000,200000
2,20000,200000,1,0.9,200000,4,0,filtered_set,18.909795,20000,20000,37138
2,20000,200000,1,0.9,200000,4,1,set,46.934585,20000,20000,200000
2,20000,200000,1,0.9,200000,4,2,bloom,11.71625,37138,20000,0
2,20000,200000,1,0.9,200000,5,0,set,45.621875,20000,20000,200000
2,20000,200000,1,0.9,200000,5,1,bloom,12.585,37138,20000,0
2,20000,200000,1,0.9,200000,5,2,filtered_set,19.715835,20000,20000,37138
2,20000,200000,1,0.9,200000,6,0,set,31.946045,20000,20000,200000
2,20000,200000,1,0.9,200000,6,1,bloom,9.34396,37138,20000,0
2,20000,200000,1,0.9,200000,6,2,filtered_set,18.99604,20000,20000,37138
2,20000,200000,1,1,200000,0,0,filtered_set,10.04958,0,0,19109
2,20000,200000,1,1,200000,0,1,bloom,8.591455,19109,0,0
2,20000,200000,1,1,200000,0,2,set,31.35875,0,0,200000
2,20000,200000,1,1,200000,1,0,set,30.13292,0,0,200000
2,20000,200000,1,1,200000,1,1,filtered_set,10.2325,0,0,19109
2,20000,200000,1,1,200000,1,2,bloom,6.3325,19109,0,0
2,20000,200000,1,1,200000,2,0,filtered_set,10.140625,0,0,19109
2,20000,200000,1,1,200000,2,1,set,60.13854,0,0,200000
2,20000,200000,1,1,200000,2,2,bloom,9.44042,19109,0,0
2,20000,200000,1,1,200000,3,0,bloom,9.48729,19109,0,0
2,20000,200000,1,1,200000,3,1,filtered_set,19.64896,0,0,19109
2,20000,200000,1,1,200000,3,2,set,48.33208,0,0,200000
2,20000,200000,1,1,200000,4,0,set,32.78125,0,0,200000
2,20000,200000,1,1,200000,4,1,filtered_set,10.3725,0,0,19109
2,20000,200000,1,1,200000,4,2,bloom,6.700205,19109,0,0
2,20000,200000,1,1,200000,5,0,filtered_set,10.177915,0,0,19109
2,20000,200000,1,1,200000,5,1,set,136.284165,0,0,200000
2,20000,200000,1,1,200000,5,2,bloom,10.4,19109,0,0
2,20000,200000,1,1,200000,6,0,set,32.342085,0,0,200000
2,20000,200000,1,1,200000,6,1,filtered_set,13.63083,0,0,19109
2,20000,200000,1,1,200000,6,2,bloom,9.43396,19109,0,0
2,20000,200000,3,0,200000,0,0,set,71.72583,200000,200000,200000
2,20000,200000,3,0,200000,0,1,bloom,10.253125,200000,200000,0
2,20000,200000,3,0,200000,0,2,filtered_set,39.63875,200000,200000,200000
2,20000,200000,3,0,200000,1,0,filtered_set,35.70104,200000,200000,200000
2,20000,200000,3,0,200000,1,1,bloom,21.12042,200000,200000,0
2,20000,200000,3,0,200000,1,2,set,38.170625,200000,200000,200000
2,20000,200000,3,0,200000,2,0,filtered_set,101.365625,200000,200000,200000
2,20000,200000,3,0,200000,2,1,bloom,38.870625,200000,200000,0
2,20000,200000,3,0,200000,2,2,set,57.448335,200000,200000,200000
2,20000,200000,3,0,200000,3,0,filtered_set,78.849795,200000,200000,200000
2,20000,200000,3,0,200000,3,1,set,47.7075,200000,200000,200000
2,20000,200000,3,0,200000,3,2,bloom,128.937915,200000,200000,0
2,20000,200000,3,0,200000,4,0,filtered_set,193.46354,200000,200000,200000
2,20000,200000,3,0,200000,4,1,set,139.971875,200000,200000,200000
2,20000,200000,3,0,200000,4,2,bloom,23.2025,200000,200000,0
2,20000,200000,3,0,200000,5,0,set,19.814795,200000,200000,200000
2,20000,200000,3,0,200000,5,1,filtered_set,48.147705,200000,200000,200000
2,20000,200000,3,0,200000,5,2,bloom,80.2425,200000,200000,0
2,20000,200000,3,0,200000,6,0,bloom,19.706875,200000,200000,0
2,20000,200000,3,0,200000,6,1,filtered_set,182.68875,200000,200000,200000
2,20000,200000,3,0,200000,6,2,set,26.747085,200000,200000,200000
2,20000,200000,3,0.5,200000,0,0,bloom,83.720625,101769,100000,0
2,20000,200000,3,0.5,200000,0,1,set,51.016455,100000,100000,200000
2,20000,200000,3,0.5,200000,0,2,filtered_set,162.64896,100000,100000,101769
2,20000,200000,3,0.5,200000,1,0,bloom,54.7925,101769,100000,0
2,20000,200000,3,0.5,200000,1,1,filtered_set,50.20604,100000,100000,101769
2,20000,200000,3,0.5,200000,1,2,set,35.19,100000,100000,200000
2,20000,200000,3,0.5,200000,2,0,set,33.475625,100000,100000,200000
2,20000,200000,3,0.5,200000,2,1,filtered_set,43.744375,100000,100000,101769
2,20000,200000,3,0.5,200000,2,2,bloom,25.75125,101769,100000,0
2,20000,200000,3,0.5,200000,3,0,set,97.79958,100000,100000,200000
2,20000,200000,3,0.5,200000,3,1,filtered_set,43.21667,100000,100000,101769
2,20000,200000,3,0.5,200000,3,2,bloom,30.516875,101769,100000,0
2,20000,200000,3,0.5,200000,4,0,filtered_set,123.034375,100000,100000,101769
2,20000,200000,3,0.5,200000,4,1,bloom,26.794165,101769,100000,0
2,20000,200000,3,0.5,200000,4,2,set,35.96021,100000,100000,200000
2,20000,200000,3,0.5,200000,5,0,bloom,23.844165,101769,100000,0
2,20000,200000,3,0.5,200000,5,1,set,60.876665,100000,100000,200000
2,20000,200000,3,0.5,200000,5,2,filtered_set,40.93354,100000,100000,101769
2,20000,200000,3,0.5,200000,6,0,filtered_set,43.39354,100000,100000,101769
2,20000,200000,3,0.5,200000,6,1,bloom,63.46125,101769,100000,0
2,20000,200000,3,0.5,200000,6,2,set,53.40396,100000,100000,200000
2,20000,200000,3,0.9,200000,0,0,filtered_set,27.795835,20000,20000,23187
2,20000,200000,3,0.9,200000,0,1,bloom,70.15458,23187,20000,0
2,20000,200000,3,0.9,200000,0,2,set,44.934375,20000,20000,200000
2,20000,200000,3,0.9,200000,1,0,set,30.405,20000,20000,200000
2,20000,200000,3,0.9,200000,1,1,bloom,24.81625,23187,20000,0
2,20000,200000,3,0.9,200000,1,2,filtered_set,63.386665,20000,20000,23187
2,20000,200000,3,0.9,200000,2,0,filtered_set,53.17875,20000,20000,23187
2,20000,200000,3,0.9,200000,2,1,bloom,24.38542,23187,20000,0
2,20000,200000,3,0.9,200000,2,2,set,34.33396,20000,20000,200000
2,20000,200000,3,0.9,200000,3,0,bloom,24.31167,23187,20000,0
2,20000,200000,3,0.9,200000,3,1,filtered_set,28.23979,20000,20000,23187
2,20000,200000,3,0.9,200000,3,2,set,35.27208,20000,20000,200000
2,20000,200000,3,0.9,200000,4,0,filtered_set,28.17604,20000,20000,23187
2,20000,200000,3,0.9,200000,4,1,set,49.297705,20000,20000,200000
2,20000,200000,3,0.9,200000,4,2,bloom,24.424165,23187,20000,0
2,20000,200000,3,0.9,200000,5,0,set,34.624585,20000,20000,200000
2,20000,200000,3,0.9,200000,5,1,bloom,25.326045,23187,20000,0
2,20000,200000,3,0.9,200000,5,2,filtered_set,28.97271,20000,20000,23187
2,20000,200000,3,0.9,200000,6,0,set,31.629165,20000,20000,200000
2,20000,200000,3,0.9,200000,6,1,bloom,23.839585,23187,20000,0
2,20000,200000,3,0.9,200000,6,2,filtered_set,28.80521,20000,20000,23187
2,20000,200000,3,1,200000,0,0,filtered_set,20.15167,0,0,3529
2,20000,200000,3,1,200000,0,1,bloom,22.42354,3529,0,0
2,20000,200000,3,1,200000,0,2,set,43.82104,0,0,200000
2,20000,200000,3,1,200000,1,0,set,86.45604,0,0,200000
2,20000,200000,3,1,200000,1,1,filtered_set,19.990625,0,0,3529
2,20000,200000,3,1,200000,1,2,bloom,17.458545,3529,0,0
2,20000,200000,3,1,200000,2,0,filtered_set,18.11104,0,0,3529
2,20000,200000,3,1,200000,2,1,set,35.14021,0,0,200000
2,20000,200000,3,1,200000,2,2,bloom,24.200835,3529,0,0
2,20000,200000,3,1,200000,3,0,bloom,17.893955,3529,0,0
2,20000,200000,3,1,200000,3,1,filtered_set,19.6025,0,0,3529
2,20000,200000,3,1,200000,3,2,set,29.348335,0,0,200000
2,20000,200000,3,1,200000,4,0,set,96.216455,0,0,200000
2,20000,200000,3,1,200000,4,1,filtered_set,24.679585,0,0,3529
2,20000,200000,3,1,200000,4,2,bloom,16.005835,3529,0,0
2,20000,200000,3,1,200000,5,0,filtered_set,26.575,0,0,3529
2,20000,200000,3,1,200000,5,1,set,40.490625,0,0,200000
2,20000,200000,3,1,200000,5,2,bloom,16.5775,3529,0,0
2,20000,200000,3,1,200000,6,0,set,28.264375,0,0,200000
2,20000,200000,3,1,200000,6,1,filtered_set,37.905,0,0,3529
2,20000,200000,3,1,200000,6,2,bloom,16.084375,3529,0,0
2,20000,200000,7,0,200000,0,0,set,27.83292,200000,200000,200000
2,20000,200000,7,0,200000,0,1,bloom,36.868335,200000,200000,0
2,20000,200000,7,0,200000,0,2,filtered_set,63.25854,200000,200000,200000
2,20000,200000,7,0,200000,1,0,filtered_set,58.085,200000,200000,200000
2,20000,200000,7,0,200000,1,1,bloom,27.221045,200000,200000,0
2,20000,200000,7,0,200000,1,2,set,22.215,200000,200000,200000
2,20000,200000,7,0,200000,2,0,filtered_set,55.05917,200000,200000,200000
2,20000,200000,7,0,200000,2,1,bloom,45.53375,200000,200000,0
2,20000,200000,7,0,200000,2,2,set,22.84833,200000,200000,200000
2,20000,200000,7,0,200000,3,0,filtered_set,115.3875,200000,200000,200000
2,20000,200000,7,0,200000,3,1,set,19.567705,200000,200000,200000
2,20000,200000,7,0,200000,3,2,bloom,23.69,200000,200000,0
2,20000,200000,7,0,200000,4,0,filtered_set,58.5525,200000,200000,200000
2,20000,200000,7,0,200000,4,1,set,26.43125,200000,200000,200000
2,20000,200000,7,0,200000,4,2,bloom,44.826665,200000,200000,0
2,20000,200000,7,0,200000,5,0,set,19.32875,200000,200000,200000
2,20000,200000,7,0,200000,5,1,filtered_set,95.743545,200000,200000,200000
2,20000,200000,7,0,200000,5,2,bloom,59.1875,200000,200000,0
2,20000,200000,7,0,200000,6,0,bloom,38.918335,200000,200000,0
2,20000,200000,7,0,200000,6,1,filtered_set,122.67417,200000,200000,200000
2,20000,200000,7,0,200000,6,2,set,19.259585,200000,200000,200000
2,20000,200000,7,0.5,200000,0,0,bloom,32.071875,100806,100000,0
2,20000,200000,7,0.5,200000,0,1,set,44.608125,100000,100000,200000
2,20000,200000,7,0.5,200000,0,2,filtered_set,62.03,100000,100000,100806
2,20000,200000,7,0.5,200000,1,0,bloom,40.37125,100806,100000,0
2,20000,200000,7,0.5,200000,1,1,filtered_set,69.11896,100000,100000,100806
2,20000,200000,7,0.5,200000,1,2,set,43.781665,100000,100000,200000
2,20000,200000,7,0.5,200000,2,0,set,35.98896,100000,100000,200000
2,20000,200000,7,0.5,200000,2,1,filtered_set,55.4875,100000,100000,100806
2,20000,200000,7,0.5,200000,2,2,bloom,51.55417,100806,100000,0
2,20000,200000,7,0.5,200000,3,0,set,40.950835,100000,100000,200000
2,20000,200000,7,0.5,200000,3,1,filtered_set,62.01896,100000,100000,100806
2,20000,200000,7,0.5,200000,3,2,bloom,30.85271,100806,100000,0
2,20000,200000,7,0.5,200000,4,0,filtered_set,62.854375,100000,100000,100806
2,20000,200000,7,0.5,200000,4,1,bloom,46.431875,100806,100000,0
2,20000,200000,7,0.5,200000,4,2,set,33.484375,100000,100000,200000
2,20000,200000,7,0.5,200000,5,0,bloom,30.15646,100806,100000,0
2,20000,200000,7,0.5,200000,5,1,set,50.79979,100000,100000,200000
2,20000,200000,7,0.5,200000,5,2,filtered_set,49.917295,100000,100000,100806
2,20000,200000,7,0.5,200000,6,0,filtered_set,61.245,100000,100000,100806
2,20000,200000,7,0.5,200000,6,1,bloom,44.407295,100806,100000,0
2,20000,200000,7,0.5,200000,6,2,set,38.08396,100000,100000,200000
2,20000,200000,7,0.9,200000,0,0,filtered_set,45.523125,20000,20000,21508
2,20000,200000,7,0.9,200000,0,1,bloom,39.29771,21508,20000,0
2,20000,200000,7,0.9,200000,0,2,set,43.398955,20000,20000,200000
2,20000,200000,7,0.9,200000,1,0,set,29.7675,20000,20000,200000
2,20000,200000,7,0.9,200000,1,1,bloom,39.915835,21508,20000,0
2,20000,200000,7,0.9,200000,1,2,filtered_set,45.91083,20000,20000,21508
2,20000,200000,7,0.9,200000,2,0,filtered_set,53.029375,20000,20000,21508
2,20000,200000,7,0.9,200000,2,1,bloom,47.2975,21508,20000,0
2,20000,200000,7,0.9,200000,2,2,set,47.10521,20000,20000,200000
2,20000,200000,7,0.9,200000,3,0,bloom,43.90771,21508,20000,0
2,20000,200000,7,0.9,200000,3,1,filtered_set,47.848125,20000,20000,21508
2,20000,200000,7,0.9,200000,3,2,set,50.111455,20000,20000,200000
2,20000,200000,7,0.9,200000,4,0,filtered_set,58.54375,20000,20000,21508
2,20000,200000,7,0.9,200000,4,1,set,36.14625,20000,20000,200000
2,20000,200000,7,0.9,200000,4,2,bloom,45.305835,21508,20000,0
2,20000,200000,7,0.9,200000,5,0,set,39.8625,20000,20000,200000
2,20000,200000,7,0.9,200000,5,1,bloom,41.280625,21508,20000,0
2,20000,200000,7,0.9,200000,5,2,filtered_set,54.307295,20000,20000,21508
2,20000,200000,7,0.9,200000,6,0,set,41.6875,20000,20000,200000
2,20000,200000,7,0.9,200000,6,1,bloom,47.45229,21508,20000,0
2,20000,200000,7,0.9,200000,6,2,filtered_set,43.97729,20000,20000,21508
2,20000,200000,7,1,200000,0,0,filtered_set,41.88104,0,0,1682
2,20000,200000,7,1,200000,0,1,bloom,38.616665,1682,0,0
2,20000,200000,7,1,200000,0,2,set,31.361875,0,0,200000
2,20000,200000,7,1,200000,1,0,set,35.229375,0,0,200000
2,20000,200000,7,1,200000,1,1,filtered_set,40.565625,0,0,1682
2,20000,200000,7,1,200000,1,2,bloom,45.434375,1682,0,0
2,20000,200000,7,1,200000,2,0,filtered_set,40.144585,0,0,1682
2,20000,200000,7,1,200000,2,1,set,29.11,0,0,200000
2,20000,200000,7,1,200000,2,2,bloom,39.035625,1682,0,0
2,20000,200000,7,1,200000,3,0,bloom,41.7075,1682,0,0
2,20000,200000,7,1,200000,3,1,filtered_set,43.18146,0,0,1682
2,20000,200000,7,1,200000,3,2,set,28.15896,0,0,200000
2,20000,200000,7,1,200000,4,0,set,30.33604,0,0,200000
2,20000,200000,7,1,200000,4,1,filtered_set,49.95,0,0,1682
2,20000,200000,7,1,200000,4,2,bloom,42.997295,1682,0,0
2,20000,200000,7,1,200000,5,0,filtered_set,49.545625,0,0,1682
2,20000,200000,7,1,200000,5,1,set,29.47,0,0,200000
2,20000,200000,7,1,200000,5,2,bloom,38.031045,1682,0,0
2,20000,200000,7,1,200000,6,0,set,33.63896,0,0,200000
2,20000,200000,7,1,200000,6,1,filtered_set,40.000205,0,0,1682
2,20000,200000,7,1,200000,6,2,bloom,38.21333,1682,0,0
2,20000,200000,11,0,200000,0,0,set,30.15125,200000,200000,200000
2,20000,200000,11,0,200000,0,1,bloom,42.56229,200000,200000,0
2,20000,200000,11,0,200000,0,2,filtered_set,79.851455,200000,200000,200000
2,20000,200000,11,0,200000,1,0,filtered_set,92.76896,200000,200000,200000
2,20000,200000,11,0,200000,1,1,bloom,45.6625,200000,200000,0
2,20000,200000,11,0,200000,1,2,set,19.12396,200000,200000,200000
2,20000,200000,11,0,200000,2,0,filtered_set,63.09875,200000,200000,200000
2,20000,200000,11,0,200000,2,1,bloom,38.588125,200000,200000,0
2,20000,200000,11,0,200000,2,2,set,23.60104,200000,200000,200000
2,20000,200000,11,0,200000,3,0,filtered_set,73.570835,200000,200000,200000
2,20000,200000,11,0,200000,3,1,set,19.2725,200000,200000,200000
2,20000,200000,11,0,200000,3,2,bloom,48.265,200000,200000,0
2,20000,200000,11,0,200000,4,0,filtered_set,77.580205,200000,200000,200000
2,20000,200000,11,0,200000,4,1,set,20.80208,200000,200000,200000
2,20000,200000,11,0,200000,4,2,bloom,37.275205,200000,200000,0
2,20000,200000,11,0,200000,5,0,set,19.625205,200000,200000,200000
2,20000,200000,11,0,200000,5,1,filtered_set,69.87875,200000,200000,200000
2,20000,200000,11,0,200000,5,2,bloom,37.244585,200000,200000,0
2,20000,200000,11,0,200000,6,0,bloom,37.865625,200000,200000,0
2,20000,200000,11,0,200000,6,1,filtered_set,67.34,200000,200000,200000
2,20000,200000,11,0,200000,6,2,set,19.813125,200000,200000,200000
2,20000,200000,11,0.5,200000,0,0,bloom,40.331455,101196,100000,0
2,20000,200000,11,0.5,200000,0,1,set,33.900415,100000,100000,200000
2,20000,200000,11,0.5,200000,0,2,filtered_set,54.48125,100000,100000,101196
2,20000,200000,11,0.5,200000,1,0,bloom,38.976665,101196,100000,0
2,20000,200000,11,0.5,200000,1,1,filtered_set,53.86958,100000,100000,101196
2,20000,200000,11,0.5,200000,1,2,set,34.384795,100000,100000,200000
2,20000,200000,11,0.5,200000,2,0,set,34.728125,100000,100000,200000
2,20000,200000,11,0.5,200000,2,1,filtered_set,55.836665,100000,100000,101196
2,20000,200000,11,0.5,200000,2,2,bloom,39.63,101196,100000,0
2,20000,200000,11,0.5,200000,3,0,set,33.88479,100000,100000,200000
2,20000,200000,11,0.5,200000,3,1,filtered_set,52.842085,100000,100000,101196
2,20000,200000,11,0.5,200000,3,2,bloom,38.15125,101196,100000,0
2,20000,200000,11,0.5,200000,4,0,filtered_set,52.81271,100000,100000,101196
2,20000,200000,11,0.5,200000,4,1,bloom,38.825625,101196,100000,0
2,20000,200000,11,0.5,200000,4,2,set,33.79458,100000,100000,200000
2,20000,200000,11,0.5,200000,5,0,bloom,38.461455,101196,100000,0
2,20000,200000,11,0.5,200000,5,1,set,33.792295,100000,100000,200000
2,20000,200000,11,0.5,200000,5,2,filtered_set,52.213335,100000,100000,101196
2,20000,200000,11,0.5,200000,6,0,filtered_set,52.40354,100000,100000,101196
2,20000,200000,11,0.5,200000,6,1,bloom,38.394585,101196,100000,0
2,20000,200000,11,0.5,200000,6,2,set,33.63292,100000,100000,200000
2,20000,200000,11,0.9,200000,0,0,filtered_set,45.549165,20000,20000,22136
2,20000,200000,11,0.9,200000,0,1,bloom,43.93896,22136,20000,0
2,20000,200000,11,0.9,200000,0,2,set,29.87021,20000,20000,200000
2,20000,200000,11,0.9,200000,1,0,set,30.96875,20000,20000,200000
2,20000,200000,11,0.9,200000,1,1,bloom,41.845625,22136,20000,0
2,20000,200000,11,0.9,200000,1,2,filtered_set,48.19854,20000,20000,22136
2,20000,200000,11,0.9,200000,2,0,filtered_set,45.86,20000,20000,22136
2,20000,200000,11,0.9,200000,2,1,bloom,41.896875,22136,20000,0
2,20000,200000,11,0.9,200000,2,2,set,30.49354,20000,20000,200000
2,20000,200000,11,0.9,200000,3,0,bloom,40.840415,22136,20000,0
2,20000,200000,11,0.9,200000,3,1,filtered_set,46.218335,20000,20000,22136
2,20000,200000,11,0.9,200000,3,2,set,31.65479,20000,20000,200000
2,20000,200000,11,0.9,200000,4,0,filtered_set,45.15,20000,20000,22136
2,20000,200000,11,0.9,200000,4,1,set,29.47979,20000,20000,200000
2,20000,200000,11,0.9,200000,4,2,bloom,41.467915,22136,20000,0
2,20000,200000,11,0.9,200000,5,0,set,29.53854,20000,20000,200000
2,20000,200000,11,0.9,200000,5,1,bloom,41.056875,22136,20000,0
2,20000,200000,11,0.9,200000,5,2,filtered_set,45.79833,20000,20000,22136
2,20000,200000,11,0.9,200000,6,0,set,30.175625,20000,20000,200000
2,20000,200000,11,0.9,200000,6,1,bloom,40.356455,22136,20000,0
2,20000,200000,11,0.9,200000,6,2,filtered_set,46.308545,20000,20000,22136
2,20000,200000,11,1,200000,0,0,filtered_set,44.355835,0,0,2346
2,20000,200000,11,1,200000,0,1,bloom,43.398335,2346,0,0
2,20000,200000,11,1,200000,0,2,set,28.063335,0,0,200000
2,20000,200000,11,1,200000,1,0,set,28.29229,0,0,200000
2,20000,200000,11,1,200000,1,1,filtered_set,44.030835,0,0,2346
2,20000,200000,11,1,200000,1,2,bloom,41.71146,2346,0,0
2,20000,200000,11,1,200000,2,0,filtered_set,43.568335,0,0,2346
2,20000,200000,11,1,200000,2,1,set,28.23375,0,0,200000
2,20000,200000,11,1,200000,2,2,bloom,40.918125,2346,0,0
2,20000,200000,11,1,200000,3,0,bloom,41.77167,2346,0,0
2,20000,200000,11,1,200000,3,1,filtered_set,44.0175,0,0,2346
2,20000,200000,11,1,200000,3,2,set,29.891665,0,0,200000
2,20000,200000,11,1,200000,4,0,set,28.970835,0,0,200000
2,20000,200000,11,1,200000,4,1,filtered_set,44.82792,0,0,2346
2,20000,200000,11,1,200000,4,2,bloom,42.28146,2346,0,0
2,20000,200000,11,1,200000,5,0,filtered_set,44.33896,0,0,2346
2,20000,200000,11,1,200000,5,1,set,29.045835,0,0,200000
2,20000,200000,11,1,200000,5,2,bloom,41.405415,2346,0,0
2,20000,200000,11,1,200000,6,0,set,28.47625,0,0,200000
2,20000,200000,11,1,200000,6,1,filtered_set,43.224375,0,0,2346
2,20000,200000,11,1,200000,6,2,bloom,41.42,2346,0,0
2,200000,2000000,1,0,200000,0,0,set,20.34625,200000,200000,200000
2,200000,2000000,1,0,200000,0,1,bloom,3.73146,200000,200000,0
2,200000,2000000,1,0,200000,0,2,filtered_set,26.869375,200000,200000,200000
2,200000,2000000,1,0,200000,1,0,filtered_set,27.0875,200000,200000,200000
2,200000,2000000,1,0,200000,1,1,set,20.38875,200000,200000,200000
2,200000,2000000,1,0,200000,1,2,bloom,3.755835,200000,200000,0
2,200000,2000000,1,0,200000,2,0,set,19.89021,200000,200000,200000
2,200000,2000000,1,0,200000,2,1,bloom,3.756045,200000,200000,0
2,200000,2000000,1,0,200000,2,2,filtered_set,27.65417,200000,200000,200000
2,200000,2000000,1,0,200000,3,0,filtered_set,28.2375,200000,200000,200000
2,200000,2000000,1,0,200000,3,1,set,20.475625,200000,200000,200000
2,200000,2000000,1,0,200000,3,2,bloom,3.792705,200000,200000,0
2,200000,2000000,1,0,200000,4,0,set,20.108335,200000,200000,200000
2,200000,2000000,1,0,200000,4,1,filtered_set,27.594585,200000,200000,200000
2,200000,2000000,1,0,200000,4,2,bloom,3.72417,200000,200000,0
2,200000,2000000,1,0,200000,5,0,filtered_set,26.81292,200000,200000,200000
2,200000,2000000,1,0,200000,5,1,set,20.364165,200000,200000,200000
2,200000,2000000,1,0,200000,5,2,bloom,3.754585,200000,200000,0
2,200000,2000000,1,0,200000,6,0,filtered_set,27.249165,200000,200000,200000
2,200000,2000000,1,0,200000,6,1,bloom,3.70917,200000,200000,0
2,200000,2000000,1,0,200000,6,2,set,20.38271,200000,200000,200000
2,200000,2000000,1,0.5,200000,0,0,set,35.438545,100000,100000,200000
2,200000,2000000,1,0.5,200000,0,1,bloom,19.941875,109501,100000,0
2,200000,2000000,1,0.5,200000,0,2,filtered_set,37.96396,100000,100000,109501
2,200000,2000000,1,0.5,200000,1,0,bloom,20.14104,109501,100000,0
2,200000,2000000,1,0.5,200000,1,1,set,35.55125,100000,100000,200000
2,200000,2000000,1,0.5,200000,1,2,filtered_set,37.43875,100000,100000,109501
2,200000,2000000,1,0.5,200000,2,0,filtered_set,37.16396,100000,100000,109501
2,200000,2000000,1,0.5,200000,2,1,set,37.73333,100000,100000,200000
2,200000,2000000,1,0.5,200000,2,2,bloom,19.675835,109501,100000,0
2,200000,2000000,1,0.5,200000,3,0,bloom,19.693125,109501,100000,0
2,200000,2000000,1,0.5,200000,3,1,set,36.504375,100000,100000,200000
2,200000,2000000,1,0.5,200000,3,2,filtered_set,38.56896,100000,100000,109501
2,200000,2000000,1,0.5,200000,4,0,bloom,20.269375,109501,100000,0
2,200000,2000000,1,0.5,200000,4,1,set,36.93646,100000,100000,200000
2,200000,2000000,1,0.5,200000,4,2,filtered_set,37.54396,100000,100000,109501
2,200000,2000000,1,0.5,200000,5,0,set,35.208335,100000,100000,200000
2,200000,2000000,1,0.5,200000,5,1,bloom,19.99021,109501,100000,0
2,200000,2000000,1,0.5,200000,5,2,filtered_set,37.190625,100000,100000,109501
2,200000,2000000,1,0.5,200000,6,0,set,35.7775,100000,100000,200000
2,200000,2000000,1,0.5,200000,6,1,filtered_set,37.20271,100000,100000,109501
2,200000,2000000,1,0.5,200000,6,2,bloom,19.7275,109501,100000,0
2,200000,2000000,1,0.9,200000,0,0,bloom,10.19542,37079,20000,0
2,200000,2000000,1,0.9,200000,0,1,filtered_set,20.265,20000,20000,37079
2,200000,2000000,1,0.9,200000,0,2,set,31.08396,20000,20000,200000
2,200000,2000000,1,0.9,200000,1,0,filtered_set,19.904795,20000,20000,37079
2,200000,2000000,1,0.9,200000,1,1,set,30.45083,20000,20000,200000
2,200000,2000000,1,0.9,200000,1,2,bloom,10.166455,37079,20000,0
2,200000,2000000,1,0.9,200000,2,0,filtered_set,20.05146,20000,20000,37079
2,200000,2000000,1,0.9,200000,2,1,set,32.02458,20000,20000,200000
2,200000,2000000,1,0.9,200000,2,2,bloom,10.883335,37079,20000,0
2,200000,2000000,1,0.9,200000,3,0,set,31.001665,20000,20000,200000
2,200000,2000000,1,0.9,200000,3,1,filtered_set,20.829375,20000,20000,37079
2,200000,2000000,1,0.9,200000,3,2,bloom,10.872085,37079,20000,0
2,200000,2000000,1,0.9,200000,4,0,filtered_set,21.933125,20000,20000,37079
2,200000,2000000,1,0.9,200000,4,1,bloom,10.99229,37079,20000,0
2,200000,2000000,1,0.9,200000,4,2,set,33.585415,20000,20000,200000
2,200000,2000000,1,0.9,200000,5,0,bloom,10.62354,37079,20000,0
2,200000,2000000,1,0.9,200000,5,1,filtered_set,21.07542,20000,20000,37079
2,200000,2000000,1,0.9,200000,5,2,set,31.429375,20000,20000,200000
2,200000,2000000,1,0.9,200000,6,0,set,31.08625,20000,20000,200000
2,200000,2000000,1,0.9,200000,6,1,filtered_set,20.226665,20000,20000,37079
2,200000,2000000,1,0.9,200000,6,2,bloom,10.149585,37079,20000,0
2,200000,2000000,1,1,200000,0,0,bloom,6.74333,19053,0,0
2,200000,2000000,1,1,200000,0,1,set,29.965835,0,0,200000
2,200000,2000000,1,1,200000,0,2,filtered_set,11.28875,0,0,19053
2,200000,2000000,1,1,200000,1,0,filtered_set,11.08896,0,0,19053
2,200000,2000000,1,1,200000,1,1,set,29.906665,0,0,200000
2,200000,2000000,1,1,200000,1,2,bloom,6.827915,19053,0,0
2,200000,2000000,1,1,200000,2,0,set,30.018335,0,0,200000
2,200000,2000000,1,1,200000,2,1,filtered_set,11.155,0,0,19053
2,200000,2000000,1,1,200000,2,2,bloom,6.79208,19053,0,0
2,200000,2000000,1,1,200000,3,0,bloom,6.788335,19053,0,0
2,200000,2000000,1,1,200000,3,1,filtered_set,10.936875,0,0,19053
2,200000,2000000,1,1,200000,3,2,set,30.068955,0,0,200000
2,200000,2000000,1,1,200000,4,0,bloom,6.803125,19053,0,0
2,200000,2000000,1,1,200000,4,1,set,29.806875,0,0,200000
2,200000,2000000,1,1,200000,4,2,filtered_set,11.017085,0,0,19053
2,200000,2000000,1,1,200000,5,0,set,29.81396,0,0,200000
2,200000,2000000,1,1,200000,5,1,filtered_set,10.830835,0,0,19053
2,200000,2000000,1,1,200000,5,2,bloom,6.837295,19053,0,0
2,200000,2000000,1,1,200000,6,0,bloom,6.842915,19053,0,0
2,200000,2000000,1,1,200000,6,1,set,30.055625,0,0,200000
2,200000,2000000,1,1,200000,6,2,filtered_set,10.884585,0,0,19053
2,200000,2000000,3,0,200000,0,0,set,21.15458,200000,200000,200000
2,200000,2000000,3,0,200000,0,1,bloom,10.69854,200000,200000,0
2,200000,2000000,3,0,200000,0,2,filtered_set,36.65458,200000,200000,200000
2,200000,2000000,3,0,200000,1,0,filtered_set,36.605415,200000,200000,200000
2,200000,2000000,3,0,200000,1,1,set,20.4675,200000,200000,200000
2,200000,2000000,3,0,200000,1,2,bloom,10.858125,200000,200000,0
2,200000,2000000,3,0,200000,2,0,set,20.327705,200000,200000,200000
2,200000,2000000,3,0,200000,2,1,bloom,10.677705,200000,200000,0
2,200000,2000000,3,0,200000,2,2,filtered_set,37.869375,200000,200000,200000
2,200000,2000000,3,0,200000,3,0,filtered_set,37.49292,200000,200000,200000
2,200000,2000000,3,0,200000,3,1,set,20.8525,200000,200000,200000
2,200000,2000000,3,0,200000,3,2,bloom,10.868125,200000,200000,0
2,200000,2000000,3,0,200000,4,0,set,20.124375,200000,200000,200000
2,200000,2000000,3,0,200000,4,1,filtered_set,37.136665,200000,200000,200000
2,200000,2000000,3,0,200000,4,2,bloom,10.909375,200000,200000,0
2,200000,2000000,3,0,200000,5,0,filtered_set,36.78896,200000,200000,200000
2,200000,2000000,3,0,200000,5,1,set,20.368335,200000,200000,200000
2,200000,2000000,3,0,200000,5,2,bloom,10.493545,200000,200000,0
2,200000,2000000,3,0,200000,6,0,filtered_set,36.64979,200000,200000,200000
2,200000,2000000,3,0,200000,6,1,bloom,10.503125,200000,200000,0
2,200000,2000000,3,0,200000,6,2,set,20.311665,200000,200000,200000
2,200000,2000000,3,0.5,200000,0,0,set,35.033125,100000,100000,200000
2,200000,2000000,3,0.5,200000,0,1,bloom,25.780835,101786,100000,0
2,200000,2000000,3,0.5,200000,0,2,filtered_set,41.1525,100000,100000,101786
2,200000,2000000,3,0.5,200000,1,0,bloom,25.18375,101786,100000,0
2,200000,2000000,3,0.5,200000,1,1,set,35.21875,100000,100000,200000
2,200000,2000000,3,0.5,200000,1,2,filtered_set,40.568335,100000,100000,101786
2,200000,2000000,3,0.5,200000,2,0,filtered_set,40.992295,100000,100000,101786
2,200000,2000000,3,0.5,200000,2,1,set,35.299375,100000,100000,200000
2,200000,2000000,3,0.5,200000,2,2,bloom,25.50625,101786,100000,0
2,200000,2000000,3,0.5,200000,3,0,bloom,24.90896,101786,100000,0
2,200000,2000000,3,0.5,200000,3,1,set,35.44,100000,100000,200000
2,200000,2000000,3,0.5,200000,3,2,filtered_set,41.25667,100000,100000,101786
2,200000,2000000,3,0.5,200000,4,0,bloom,25.201045,101786,100000,0
2,200000,2000000,3,0.5,200000,4,1,set,35.805,100000,100000,200000
2,200000,2000000,3,0.5,200000,4,2,filtered_set,40.52229,100000,100000,101786
2,200000,2000000,3,0.5,200000,5,0,set,35.528545,100000,100000,200000
2,200000,2000000,3,0.5,200000,5,1,bloom,25.512705,101786,100000,0
2,200000,2000000,3,0.5,200000,5,2,filtered_set,41.7775,100000,100000,101786
2,200000,2000000,3,0.5,200000,6,0,set,35.880625,100000,100000,200000
2,200000,2000000,3,0.5,200000,6,1,filtered_set,41.47396,100000,100000,101786
2,200000,2000000,3,0.5,200000,6,2,bloom,26.118545,101786,100000,0
2,200000,2000000,3,0.9,200000,0,0,bloom,24.521045,23210,20000,0
2,200000,2000000,3,0.9,200000,0,1,filtered_set,30.2225,20000,20000,23210
2,200000,2000000,3,0.9,200000,0,2,set,31.347085,20000,20000,200000
2,200000,2000000,3,0.9,200000,1,0,filtered_set,30.291665,20000,20000,23210
2,200000,2000000,3,0.9,200000,1,1,set,30.64125,20000,20000,200000
2,200000,2000000,3,0.9,200000,1,2,bloom,24.85021,23210,20000,0
2,200000,2000000,3,0.9,200000,2,0,filtered_set,31.52521,20000,20000,23210
2,200000,2000000,3,0.9,200000,2,1,set,31.27146,20000,20000,200000
2,200000,2000000,3,0.9,200000,2,2,bloom,25.044165,23210,20000,0
2,200000,2000000,3,0.9,200000,3,0,set,31.961665,20000,20000,200000
2,200000,2000000,3,0.9,200000,3,1,filtered_set,30.56,20000,20000,23210
2,200000,2000000,3,0.9,200000,3,2,bloom,25.468955,23210,20000,0
2,200000,2000000,3,0.9,200000,4,0,filtered_set,30.81354,20000,20000,23210
2,200000,2000000,3,0.9,200000,4,1,bloom,24.57729,23210,20000,0
2,200000,2000000,3,0.9,200000,4,2,set,34.01979,20000,20000,200000
2,200000,2000000,3,0.9,200000,5,0,bloom,24.849795,23210,20000,0
2,200000,2000000,3,0.9,200000,5,1,filtered_set,30.826665,20000,20000,23210
2,200000,2000000,3,0.9,200000,5,2,set,32.627705,20000,20000,200000
2,200000,2000000,3,0.9,200000,6,0,set,30.992295,20000,20000,200000
2,200000,2000000,3,0.9,200000,6,1,filtered_set,30.54625,20000,20000,23210
2,200000,2000000,3,0.9,200000,6,2,bloom,24.939375,23210,20000,0
2,200000,2000000,3,1,200000,0,0,bloom,16.60146,3551,0,0
2,200000,2000000,3,1,200000,0,1,set,31.75625,0,0,200000
2,200000,2000000,3,1,200000,0,2,filtered_set,18.71021,0,0,3551
2,200000,2000000,3,1,200000,1,0,filtered_set,18.09375,0,0,3551
2,200000,2000000,3,1,200000,1,1,set,30.17875,0,0,200000
2,200000,2000000,3,1,200000,1,2,bloom,17.071665,3551,0,0
2,200000,2000000,3,1,200000,2,0,set,30.351045,0,0,200000
2,200000,2000000,3,1,200000,2,1,filtered_set,18.359585,0,0,3551
2,200000,2000000,3,1,200000,2,2,bloom,16.88604,3551,0,0
2,200000,2000000,3,1,200000,3,0,bloom,16.59854,3551,0,0
2,200000,2000000,3,1,200000,3,1,filtered_set,18.36896,0,0,3551
2,200000,2000000,3,1,200000,3,2,set,30.291665,0,0,200000
2,200000,2000000,3,1,200000,4,0,bloom,16.730415,3551,0,0
2,200000,2000000,3,1,200000,4,1,set,29.98708,0,0,200000
2,200000,2000000,3,1,200000,4,2,filtered_set,18.535835,0,0,3551
2,200000,2000000,3,1,200000,5,0,set,30.076455,0,0,200000
2,200000,2000000,3,1,200000,5,1,filtered_set,18.263125,0,0,3551
2,200000,2000000,3,1,200000,5,2,bloom,16.88396,3551,0,0
2,200000,2000000,3,1,200000,6,0,bloom,16.522705,3551,0,0
2,200000,2000000,3,1,200000,6,1,set,30.18375,0,0,200000
2,200000,2000000,3,1,200000,6,2,filtered_set,18.49167,0,0,3551
2,200000,2000000,7,0,200000,0,0,set,20.632915,200000,200000,200000
2,200000,2000000,7,0,200000,0,1,bloom,24.70375,200000,200000,0
2,200000,2000000,7,0,200000,0,2,filtered_set,53.13521,200000,200000,200000
2,200000,2000000,7,0,200000,1,0,filtered_set,52.71646,200000,200000,200000
2,200000,2000000,7,0,200000,1,1,set,20.878545,200000,200000,200000
2,200000,2000000,7,0,200000,1,2,bloom,24.575,200000,200000,0
2,200000,2000000,7,0,200000,2,0,set,20.23375,200000,200000,200000
2,200000,2000000,7,0,200000,2,1,bloom,24.49292,200000,200000,0
2,200000,2000000,7,0,200000,2,2,filtered_set,52.23354,200000,200000,200000
2,200000,2000000,7,0,200000,3,0,filtered_set,53.677705,200000,200000,200000
2,200000,2000000,7,0,200000,3,1,set,20.4025,200000,200000,200000
2,200000,2000000,7,0,200000,3,2,bloom,24.649795,200000,200000,0
2,200000,2000000,7,0,200000,4,0,set,20.504585,200000,200000,200000
2,200000,2000000,7,0,200000,4,1,filtered_set,52.601045,200000,200000,200000
2,200000,2000000,7,0,200000,4,2,bloom,24.99375,200000,200000,0
2,200000,2000000,7,0,200000,5,0,filtered_set,53.486875,200000,200000,200000
2,200000,2000000,7,0,200000,5,1,set,20.63,200000,200000,200000
2,200000,2000000,7,0,200000,5,2,bloom,25.06917,200000,200000,0
2,200000,2000000,7,0,200000,6,0,filtered_set,52.75875,200000,200000,200000
2,200000,2000000,7,0,200000,6,1,bloom,24.633545,200000,200000,0
2,200000,2000000,7,0,200000,6,2,set,20.94125,200000,200000,200000
2,200000,2000000,7,0.5,200000,0,0,set,35.67875,100000,100000,200000
2,200000,2000000,7,0.5,200000,0,1,bloom,33.29146,100827,100000,0
2,200000,2000000,7,0.5,200000,0,2,filtered_set,49.296665,100000,100000,100827
2,200000,2000000,7,0.5,200000,1,0,bloom,33.50396,100827,100000,0
2,200000,2000000,7,0.5,200000,1,1,set,35.77479,100000,100000,200000
2,200000,2000000,7,0.5,200000,1,2,filtered_set,48.608125,100000,100000,100827
2,200000,2000000,7,0.5,200000,2,0,filtered_set,48.34604,100000,100000,100827
2,200000,2000000,7,0.5,200000,2,1,set,35.819165,100000,100000,200000
2,200000,2000000,7,0.5,200000,2,2,bloom,32.98542,100827,100000,0
2,200000,2000000,7,0.5,200000,3,0,bloom,33.230625,100827,100000,0
2,200000,2000000,7,0.5,200000,3,1,set,35.08083,100000,100000,200000
2,200000,2000000,7,0.5,200000,3,2,filtered_set,49.371665,100000,100000,100827
2,200000,2000000,7,0.5,200000,4,0,bloom,33.10667,100827,100000,0
2,200000,2000000,7,0.5,200000,4,1,set,35.90625,100000,100000,200000
2,200000,2000000,7,0.5,200000,4,2,filtered_set,48.253125,100000,100000,100827
2,200000,2000000,7,0.5,200000,5,0,set,35.85708,100000,100000,200000
2,200000,2000000,7,0.5,200000,5,1,bloom,33.146665,100827,100000,0
2,200000,2000000,7,0.5,200000,5,2,filtered_set,49.102085,100000,100000,100827
2,200000,2000000,7,0.5,200000,6,0,set,35.05375,100000,100000,200000
2,200000,2000000,7,0.5,200000,6,1,filtered_set,48.504795,100000,100000,100827
2,200000,2000000,7,0.5,200000,6,2,bloom,33.01542,100827,100000,0
2,200000,2000000,7,0.9,200000,0,0,bloom,40.989375,21490,20000,0
2,200000,2000000,7,0.9,200000,0,1,filtered_set,46.87208,20000,20000,21490
2,200000,2000000,7,0.9,200000,0,2,set,31.906665,20000,20000,200000
2,200000,2000000,7,0.9,200000,1,0,filtered_set,46.604375,20000,20000,21490
2,200000,2000000,7,0.9,200000,1,1,set,31.368335,20000,20000,200000
2,200000,2000000,7,0.9,200000,1,2,bloom,41.555,21490,20000,0
2,200000,2000000,7,0.9,200000,2,0,filtered_set,50.384585,20000,20000,21490
2,200000,2000000,7,0.9,200000,2,1,set,35.072915,20000,20000,200000
2,200000,2000000,7,0.9,200000,2,2,bloom,42.16104,21490,20000,0
2,200000,2000000,7,0.9,200000,3,0,set,34.01479,20000,20000,200000
2,200000,2000000,7,0.9,200000,3,1,filtered_set,48.13479,20000,20000,21490
2,200000,2000000,7,0.9,200000,3,2,bloom,40.7375,21490,20000,0
2,200000,2000000,7,0.9,200000,4,0,filtered_set,47.78083,20000,20000,21490
2,200000,2000000,7,0.9,200000,4,1,bloom,40.95979,21490,20000,0
2,200000,2000000,7,0.9,200000,4,2,set,33.78625,20000,20000,200000
2,200000,2000000,7,0.9,200000,5,0,bloom,41.323125,21490,20000,0
2,200000,2000000,7,0.9,200000,5,1,filtered_set,47.23646,20000,20000,21490
2,200000,2000000,7,0.9,200000,5,2,set,31.510625,20000,20000,200000
2,200000,2000000,7,0.9,200000,6,0,set,30.43333,20000,20000,200000
2,200000,2000000,7,0.9,200000,6,1,filtered_set,46.91542,20000,20000,21490
2,200000,2000000,7,0.9,200000,6,2,bloom,40.72875,21490,20000,0
2,200000,2000000,7,1,200000,0,0,bloom,41.452085,1648,0,0
2,200000,2000000,7,1,200000,0,1,set,32.00229,0,0,200000
2,200000,2000000,7,1,200000,0,2,filtered_set,43.22917,0,0,1648
2,200000,2000000,7,1,200000,1,0,filtered_set,42.956665,0,0,1648
2,200000,2000000,7,1,200000,1,1,set,31.980625,0,0,200000
2,200000,2000000,7,1,200000,1,2,bloom,41.04646,1648,0,0
2,200000,2000000,7,1,200000,2,0,set,30.721875,0,0,200000
2,200000,2000000,7,1,200000,2,1,filtered_set,42.564585,0,0,1648
2,200000,2000000,7,1,200000,2,2,bloom,40.75854,1648,0,0
2,200000,2000000,7,1,200000,3,0,bloom,40.437295,1648,0,0
2,200000,2000000,7,1,200000,3,1,filtered_set,43.38208,0,0,1648
2,200000,2000000,7,1,200000,3,2,set,31.880205,0,0,200000
2,200000,2000000,7,1,200000,4,0,bloom,41.37542,1648,0,0
2,200000,2000000,7,1,200000,4,1,set,30.17625,0,0,200000
2,200000,2000000,7,1,200000,4,2,filtered_set,43.744375,0,0,1648
2,200000,2000000,7,1,200000,5,0,set,31.153335,0,0,200000
2,200000,2000000,7,1,200000,5,1,filtered_set,42.62729,0,0,1648
2,200000,2000000,7,1,200000,5,2,bloom,40.727085,1648,0,0
2,200000,2000000,7,1,200000,6,0,bloom,40.36125,1648,0,0
2,200000,2000000,7,1,200000,6,1,set,30.213335,0,0,200000
2,200000,2000000,7,1,200000,6,2,filtered_set,42.768955,0,0,1648
2,200000,2000000,11,0,200000,0,0,set,20.101665,200000,200000,200000
2,200000,2000000,11,0,200000,0,1,bloom,37.97896,200000,200000,0
2,200000,2000000,11,0,200000,0,2,filtered_set,69.554165,200000,200000,200000
2,200000,2000000,11,0,200000,1,0,filtered_set,67.61625,200000,200000,200000
2,200000,2000000,11,0,200000,1,1,set,20.625835,200000,200000,200000
2,200000,2000000,11,0,200000,1,2,bloom,38.203125,200000,200000,0
2,200000,2000000,11,0,200000,2,0,set,20.430625,200000,200000,200000
2,200000,2000000,11,0,200000,2,1,bloom,38.51875,200000,200000,0
2,200000,2000000,11,0,200000,2,2,filtered_set,67.729375,200000,200000,200000
2,200000,2000000,11,0,200000,3,0,filtered_set,66.899165,200000,200000,200000
2,200000,2000000,11,0,200000,3,1,set,20.875625,200000,200000,200000
2,200000,2000000,11,0,200000,3,2,bloom,38.23542,200000,200000,0
2,200000,2000000,11,0,200000,4,0,set,19.919585,200000,200000,200000
2,200000,2000000,11,0,200000,4,1,filtered_set,67.342705,200000,200000,200000
2,200000,2000000,11,0,200000,4,2,bloom,38.828125,200000,200000,0
2,200000,2000000,11,0,200000,5,0,filtered_set,67.784585,200000,200000,200000
2,200000,2000000,11,0,200000,5,1,set,20.334375,200000,200000,200000
2,200000,2000000,11,0,200000,5,2,bloom,38.754585,200000,200000,0
2,200000,2000000,11,0,200000,6,0,filtered_set,67.773955,200000,200000,200000
2,200000,2000000,11,0,200000,6,1,bloom,38.975205,200000,200000,0
2,200000,2000000,11,0,200000,6,2,set,20.625,200000,200000,200000
2,200000,2000000,11,0.5,200000,0,0,set,35.721875,100000,100000,200000
2,200000,2000000,11,0.5,200000,0,1,bloom,42.67625,101140,100000,0
2,200000,2000000,11,0.5,200000,0,2,filtered_set,57.672085,100000,100000,101140
2,200000,2000000,11,0.5,200000,1,0,bloom,42.334165,101140,100000,0
2,200000,2000000,11,0.5,200000,1,1,set,36.87625,100000,100000,200000
2,200000,2000000,11,0.5,200000,1,2,filtered_set,57.84146,100000,100000,101140
2,200000,2000000,11,0.5,200000,2,0,filtered_set,58.244165,100000,100000,101140
2,200000,2000000,11,0.5,200000,2,1,set,36.027705,100000,100000,200000
2,200000,2000000,11,0.5,200000,2,2,bloom,42.994585,101140,100000,0
2,200000,2000000,11,0.5,200000,3,0,bloom,42.17979,101140,100000,0
2,200000,2000000,11,0.5,200000,3,1,set,36.17646,100000,100000,200000
2,200000,2000000,11,0.5,200000,3,2,filtered_set,57.882915,100000,100000,101140
2,200000,2000000,11,0.5,200000,4,0,bloom,42.5475,101140,100000,0
2,200000,2000000,11,0.5,200000,4,1,set,36.286665,100000,100000,200000
2,200000,2000000,11,0.5,200000,4,2,filtered_set,60.449795,100000,100000,101140
2,200000,2000000,11,0.5,200000,5,0,set,35.542085,100000,100000,200000
2,200000,2000000,11,0.5,200000,5,1,bloom,42.33958,101140,100000,0
2,200000,2000000,11,0.5,200000,5,2,filtered_set,58.628125,100000,100000,101140
2,200000,2000000,11,0.5,200000,6,0,set,36.213335,100000,100000,200000
2,200000,2000000,11,0.5,200000,6,1,filtered_set,56.722915,100000,100000,101140
2,200000,2000000,11,0.5,200000,6,2,bloom,42.33792,101140,100000,0
2,200000,2000000,11,0.9,200000,0,0,bloom,45.429165,22067,20000,0
2,200000,2000000,11,0.9,200000,0,1,filtered_set,51.804165,20000,20000,22067
2,200000,2000000,11,0.9,200000,0,2,set,32.92125,20000,20000,200000
2,200000,2000000,11,0.9,200000,1,0,filtered_set,50.27271,20000,20000,22067
2,200000,2000000,11,0.9,200000,1,1,set,31.171875,20000,20000,200000
2,200000,2000000,11,0.9,200000,1,2,bloom,45.239795,22067,20000,0
2,200000,2000000,11,0.9,200000,2,0,filtered_set,52.10021,20000,20000,22067
2,200000,2000000,11,0.9,200000,2,1,set,32.15729,20000,20000,200000
2,200000,2000000,11,0.9,200000,2,2,bloom,45.44229,22067,20000,0
2,200000,2000000,11,0.9,200000,3,0,set,31.27958,20000,20000,200000
2,200000,2000000,11,0.9,200000,3,1,filtered_set,50.75104,20000,20000,22067
2,200000,2000000,11,0.9,200000,3,2,bloom,44.15146,22067,20000,0
2,200000,2000000,11,0.9,200000,4,0,filtered_set,51.345,20000,20000,22067
2,200000,2000000,11,0.9,200000,4,1,bloom,45.0475,22067,20000,0
2,200000,2000000,11,0.9,200000,4,2,set,33.01479,20000,20000,200000
2,200000,2000000,11,0.9,200000,5,0,bloom,45.181665,22067,20000,0
2,200000,2000000,11,0.9,200000,5,1,filtered_set,51.24708,20000,20000,22067
2,200000,2000000,11,0.9,200000,5,2,set,30.809165,20000,20000,200000
2,200000,2000000,11,0.9,200000,6,0,set,31.434375,20000,20000,200000
2,200000,2000000,11,0.9,200000,6,1,filtered_set,49.80229,20000,20000,22067
2,200000,2000000,11,0.9,200000,6,2,bloom,44.404585,22067,20000,0
2,200000,2000000,11,1,200000,0,0,bloom,45.719585,2292,0,0
2,200000,2000000,11,1,200000,0,1,set,31.181875,0,0,200000
2,200000,2000000,11,1,200000,0,2,filtered_set,47.73083,0,0,2292
2,200000,2000000,11,1,200000,1,0,filtered_set,47.113335,0,0,2292
2,200000,2000000,11,1,200000,1,1,set,31.402915,0,0,200000
2,200000,2000000,11,1,200000,1,2,bloom,45.56604,2292,0,0
2,200000,2000000,11,1,200000,2,0,set,30.930625,0,0,200000
2,200000,2000000,11,1,200000,2,1,filtered_set,47.842915,0,0,2292
2,200000,2000000,11,1,200000,2,2,bloom,45.5575,2292,0,0
2,200000,2000000,11,1,200000,3,0,bloom,45.699375,2292,0,0
2,200000,2000000,11,1,200000,3,1,filtered_set,47.88125,0,0,2292
2,200000,2000000,11,1,200000,3,2,set,31.77479,0,0,200000
2,200000,2000000,11,1,200000,4,0,bloom,45.807915,2292,0,0
2,200000,2000000,11,1,200000,4,1,set,30.99208,0,0,200000
2,200000,2000000,11,1,200000,4,2,filtered_set,47.934165,0,0,2292
2,200000,2000000,11,1,200000,5,0,set,29.83896,0,0,200000
2,200000,2000000,11,1,200000,5,1,filtered_set,47.85271,0,0,2292
2,200000,2000000,11,1,200000,5,2,bloom,45.21479,2292,0,0
2,200000,2000000,11,1,200000,6,0,bloom,45.01875,2292,0,0
2,200000,2000000,11,1,200000,6,1,set,32.21125,0,0,200000
2,200000,2000000,11,1,200000,6,2,filtered_set,48.307915,0,0,2292
3,20000,200000,1,0,200000,0,0,bloom,3.661875,200000,200000,0
3,20000,200000,1,0,200000,0,1,filtered_set,25.756875,200000,200000,200000
3,20000,200000,1,0,200000,0,2,set,21.378125,200000,200000,200000
3,20000,200000,1,0,200000,1,0,filtered_set,24.895,200000,200000,200000
3,20000,200000,1,0,200000,1,1,set,18.999375,200000,200000,200000
3,20000,200000,1,0,200000,1,2,bloom,3.66667,200000,200000,0
3,20000,200000,1,0,200000,2,0,bloom,3.572085,200000,200000,0
3,20000,200000,1,0,200000,2,1,filtered_set,24.47646,200000,200000,200000
3,20000,200000,1,0,200000,2,2,set,18.57375,200000,200000,200000
3,20000,200000,1,0,200000,3,0,set,18.72167,200000,200000,200000
3,20000,200000,1,0,200000,3,1,bloom,3.612085,200000,200000,0
3,20000,200000,1,0,200000,3,2,filtered_set,24.365,200000,200000,200000
3,20000,200000,1,0,200000,4,0,set,18.58833,200000,200000,200000
3,20000,200000,1,0,200000,4,1,filtered_set,24.500205,200000,200000,200000
3,20000,200000,1,0,200000,4,2,bloom,3.574165,200000,200000,0
3,20000,200000,1,0,200000,5,0,filtered_set,24.4625,200000,200000,200000
3,20000,200000,1,0,200000,5,1,set,18.508125,200000,200000,200000
3,20000,200000,1,0,200000,5,2,bloom,3.6,200000,200000,0
3,20000,200000,1,0,200000,6,0,set,18.285625,200000,200000,200000
3,20000,200000,1,0,200000,6,1,bloom,3.608335,200000,200000,0
3,20000,200000,1,0,200000,6,2,filtered_set,24.563125,200000,200000,200000
3,20000,200000,1,0.5,200000,0,0,set,32.79021,100000,100000,200000
3,20000,200000,1,0.5,200000,0,1,filtered_set,34.341875,100000,100000,109648
3,20000,200000,1,0.5,200000,0,2,bloom,18.559585,109648,100000,0
3,20000,200000,1,0.5,200000,1,0,bloom,18.40875,109648,100000,0
3,20000,200000,1,0.5,200000,1,1,set,33.195,100000,100000,200000
3,20000,200000,1,0.5,200000,1,2,filtered_set,34.2925,100000,100000,109648
3,20000,200000,1,0.5,200000,2,0,filtered_set,33.98708,100000,100000,109648
3,20000,200000,1,0.5,200000,2,1,set,32.716665,100000,100000,200000
3,20000,200000,1,0.5,200000,2,2,bloom,18.478125,109648,100000,0
3,20000,200000,1,0.5,200000,3,0,bloom,18.465625,109648,100000,0
3,20000,200000,1,0.5,200000,3,1,filtered_set,34.392085,100000,100000,109648
3,20000,200000,1,0.5,200000,3,2,set,32.864795,100000,100000,200000
3,20000,200000,1,0.5,200000,4,0,filtered_set,34.64333,100000,100000,109648
3,20000,200000,1,0.5,200000,4,1,bloom,18.88083,109648,100000,0
3,20000,200000,1,0.5,200000,4,2,set,32.773545,100000,100000,200000
3,20000,200000,1,0.5,200000,5,0,set,32.73208,100000,100000,200000
3,20000,200000,1,0.5,200000,5,1,bloom,18.74417,109648,100000,0
3,20000,200000,1,0.5,200000,5,2,filtered_set,34.45708,100000,100000,109648
3,20000,200000,1,0.5,200000,6,0,bloom,18.4825,109648,100000,0
3,20000,200000,1,0.5,200000,6,1,filtered_set,34.549165,100000,100000,109648
3,20000,200000,1,0.5,200000,6,2,set,32.88229,100000,100000,200000
3,20000,200000,1,0.9,200000,0,0,filtered_set,19.06729,20000,20000,37383
3,20000,200000,1,0.9,200000,0,1,set,29.179375,20000,20000,200000
3,20000,200000,1,0.9,200000,0,2,bloom,9.626875,37383,20000,0
3,20000,200000,1,0.9,200000,1,0,filtered_set,19.069585,20000,20000,37383
3,20000,200000,1,0.9,200000,1,1,bloom,9.820835,37383,20000,0
3,20000,200000,1,0.9,200000,1,2,set,29.71625,20000,20000,200000
3,20000,200000,1,0.9,200000,2,0,bloom,9.750835,37383,20000,0
3,20000,200000,1,0.9,200000,2,1,set,29.01375,20000,20000,200000
3,20000,200000,1,0.9,200000,2,2,filtered_set,19.266875,20000,20000,37383
3,20000,200000,1,0.9,200000,3,0,bloom,9.729375,37383,20000,0
3,20000,200000,1,0.9,200000,3,1,set,29.900625,20000,20000,200000
3,20000,200000,1,0.9,200000,3,2,filtered_set,18.981875,20000,20000,37383
3,20000,200000,1,0.9,200000,4,0,filtered_set,18.696665,20000,20000,37383
3,20000,200000,1,0.9,200000,4,1,set,29.19,20000,20000,200000
3,20000,200000,1,0.9,200000,4,2,bloom,9.7,37383,20000,0
3,20000,200000,1,0.9,200000,5,0,bloom,9.815,37383,20000,0
3,20000,200000,1,0.9,200000,5,1,filtered_set,18.71875,20000,20000,37383
3,20000,200000,1,0.9,200000,5,2,set,29.319795,20000,20000,200000
3,20000,200000,1,0.9,200000,6,0,bloom,9.503335,37383,20000,0
3,20000,200000,1,0.9,200000,6,1,filtered_set,19.58729,20000,20000,37383
3,20000,200000,1,0.9,200000,6,2,set,29.175415,20000,20000,200000
3,20000,200000,1,1,200000,0,0,set,27.74667,0,0,200000
3,20000,200000,1,1,200000,0,1,bloom,6.433955,19279,0,0
3,20000,200000,1,1,200000,0,2,filtered_set,11.03083,0,0,19279
3,20000,200000,1,1,200000,1,0,set,27.509585,0,0,200000
3,20000,200000,1,1,200000,1,1,filtered_set,10.22125,0,0,19279
3,20000,200000,1,1,200000,1,2,bloom,6.743335,19279,0,0
3,20000,200000,1,1,200000,2,0,filtered_set,10.134165,0,0,19279
3,20000,200000,1,1,200000,2,1,bloom,6.3075,19279,0,0
3,20000,200000,1,1,200000,2,2,set,28.16625,0,0,200000
3,20000,200000,1,1,200000,3,0,bloom,6.481455,19279,0,0
3,20000,200000,1,1,200000,3,1,set,27.79375,0,0,200000
3,20000,200000,1,1,200000,3,2,filtered_set,10.61458,0,0,19279
3,20000,200000,1,1,200000,4,0,filtered_set,10.28646,0,0,19279
3,20000,200000,1,1,200000,4,1,set,29.50854,0,0,200000
3,20000,200000,1,1,200000,4,2,bloom,6.384165,19279,0,0
3,20000,200000,1,1,200000,5,0,filtered_set,10.249165,0,0,19279
3,20000,200000,1,1,200000,5,1,bloom,6.355415,19279,0,0
3,20000,200000,1,1,200000,5,2,set,27.815,0,0,200000
3,20000,200000,1,1,200000,6,0,bloom,6.43542,19279,0,0
3,20000,200000,1,1,200000,6,1,set,28.113955,0,0,200000
3,20000,200000,1,1,200000,6,2,filtered_set,10.115415,0,0,19279
3,20000,200000,3,0,200000,0,0,bloom,10.425205,200000,200000,0
3,20000,200000,3,0,200000,0,1,filtered_set,33.490415,200000,200000,200000
3,20000,200000,3,0,200000,0,2,set,19.127915,200000,200000,200000
3,20000,200000,3,0,200000,1,0,filtered_set,33.4375,200000,200000,200000
3,20000,200000,3,0,200000,1,1,set,19.345415,200000,200000,200000
3,20000,200000,3,0,200000,1,2,bloom,10.470415,200000,200000,0
3,20000,200000,3,0,200000,2,0,bloom,10.23979,200000,200000,0
3,20000,200000,3,0,200000,2,1,filtered_set,33.040415,200000,200000,200000
3,20000,200000,3,0,200000,2,2,set,18.497085,200000,200000,200000
3,20000,200000,3,0,200000,3,0,set,20.020415,200000,200000,200000
3,20000,200000,3,0,200000,3,1,bloom,10.294375,200000,200000,0
3,20000,200000,3,0,200000,3,2,filtered_set,33.29958,200000,200000,200000
3,20000,200000,3,0,200000,4,0,set,18.49542,200000,200000,200000
3,20000,200000,3,0,200000,4,1,filtered_set,34.124375,200000,200000,200000
3,20000,200000,3,0,200000,4,2,bloom,10.35167,200000,200000,0
3,20000,200000,3,0,200000,5,0,filtered_set,33.89625,200000,200000,200000
3,20000,200000,3,0,200000,5,1,set,19.62,200000,200000,200000
3,20000,200000,3,0,200000,5,2,bloom,10.38125,200000,200000,0
3,20000,200000,3,0,200000,6,0,set,18.9225,200000,200000,200000
3,20000,200000,3,0,200000,6,1,bloom,10.218125,200000,200000,0
3,20000,200000,3,0,200000,6,2,filtered_set,33.266665,200000,200000,200000
3,20000,200000,3,0.5,200000,0,0,set,33.154585,100000,100000,200000
3,20000,200000,3,0.5,200000,0,1,filtered_set,36.968335,100000,100000,101740
3,20000,200000,3,0.5,200000,0,2,bloom,23.39146,101740,100000,0
3,20000,200000,3,0.5,200000,1,0,bloom,23.39021,101740,100000,0
3,20000,200000,3,0.5,200000,1,1,set,32.90521,100000,100000,200000
3,20000,200000,3,0.5,200000,1,2,filtered_set,36.673125,100000,100000,101740
3,20000,200000,3,0.5,200000,2,0,filtered_set,37.349165,100000,100000,101740
3,20000,200000,3,0.5,200000,2,1,set,33.399375,100000,100000,200000
3,20000,200000,3,0.5,200000,2,2,bloom,24.557915,101740,100000,0
3,20000,200000,3,0.5,200000,3,0,bloom,23.629795,101740,100000,0
3,20000,200000,3,0.5,200000,3,1,filtered_set,37.148545,100000,100000,101740
3,20000,200000,3,0.5,200000,3,2,set,33.480415,100000,100000,200000
3,20000,200000,3,0.5,200000,4,0,filtered_set,37.533545,100000,100000,101740
3,20000,200000,3,0.5,200000,4,1,bloom,24.014165,101740,100000,0
3,20000,200000,3,0.5,200000,4,2,set,33.29854,100000,100000,200000
3,20000,200000,3,0.5,200000,5,0,set,33.17021,100000,100000,200000
3,20000,200000,3,0.5,200000,5,1,bloom,24.16375,101740,100000,0
3,20000,200000,3,0.5,200000,5,2,filtered_set,37.42146,100000,100000,101740
3,20000,200000,3,0.5,200000,6,0,bloom,23.69979,101740,100000,0
3,20000,200000,3,0.5,200000,6,1,filtered_set,37.48854,100000,100000,101740
3,20000,200000,3,0.5,200000,6,2,set,33.33042,100000,100000,200000
3,20000,200000,3,0.9,200000,0,0,filtered_set,27.74625,20000,20000,23104
3,20000,200000,3,0.9,200000,0,1,set,28.69646,20000,20000,200000
3,20000,200000,3,0.9,200000,0,2,bloom,24.43896,23104,20000,0
3,20000,200000,3,0.9,200000,1,0,filtered_set,28.638545,20000,20000,23104
3,20000,200000,3,0.9,200000,1,1,bloom,22.922915,23104,20000,0
3,20000,200000,3,0.9,200000,1,2,set,29.269375,20000,20000,200000
3,20000,200000,3,0.9,200000,2,0,bloom,23.534795,23104,20000,0
3,20000,200000,3,0.9,200000,2,1,set,29.693335,20000,20000,200000
3,20000,200000,3,0.9,200000,2,2,filtered_set,28.30583,20000,20000,23104
3,20000,200000,3,0.9,200000,3,0,bloom,24.561665,23104,20000,0
3,20000,200000,3,0.9,200000,3,1,set,30.09104,20000,20000,200000
3,20000,200000,3,0.9,200000,3,2,filtered_set,29.968125,20000,20000,23104
3,20000,200000,3,0.9,200000,4,0,filtered_set,27.65021,20000,20000,23104
3,20000,200000,3,0.9,200000,4,1,set,29.037915,20000,20000,200000
3,20000,200000,3,0.9,200000,4,2,bloom,23.65771,23104,20000,0
3,20000,200000,3,0.9,200000,5,0,bloom,23.440625,23104,20000,0
3,20000,200000,3,0.9,200000,5,1,filtered_set,28.430835,20000,20000,23104
3,20000,200000,3,0.9,200000,5,2,set,30.28271,20000,20000,200000
3,20000,200000,3,0.9,200000,6,0,bloom,24.067705,23104,20000,0
3,20000,200000,3,0.9,200000,6,1,filtered_set,28.311455,20000,20000,23104
3,20000,200000,3,0.9,200000,6,2,set,29.078335,20000,20000,200000
3,20000,200000,3,1,200000,0,0,set,27.65646,0,0,200000
3,20000,200000,3,1,200000,0,1,bloom,16.04896,3454,0,0
3,20000,200000,3,1,200000,0,2,filtered_set,17.34125,0,0,3454
3,20000,200000,3,1,200000,1,0,set,29.54521,0,0,200000
3,20000,200000,3,1,200000,1,1,filtered_set,17.04,0,0,3454
3,20000,200000,3,1,200000,1,2,bloom,15.903125,3454,0,0
3,20000,200000,3,1,200000,2,0,filtered_set,17.381045,0,0,3454
3,20000,200000,3,1,200000,2,1,bloom,15.755,3454,0,0
3,20000,200000,3,1,200000,2,2,set,27.9275,0,0,200000
3,20000,200000,3,1,200000,3,0,bloom,15.41875,3454,0,0
3,20000,200000,3,1,200000,3,1,set,27.69625,0,0,200000
3,20000,200000,3,1,200000,3,2,filtered_set,17.19771,0,0,3454
3,20000,200000,3,1,200000,4,0,filtered_set,17.64083,0,0,3454
3,20000,200000,3,1,200000,4,1,set,27.853335,0,0,200000
3,20000,200000,3,1,200000,4,2,bloom,15.938125,3454,0,0
3,20000,200000,3,1,200000,5,0,filtered_set,17.444585,0,0,3454
3,20000,200000,3,1,200000,5,1,bloom,15.716045,3454,0,0
3,20000,200000,3,1,200000,5,2,set,27.871875,0,0,200000
3,20000,200000,3,1,200000,6,0,bloom,15.70521,3454,0,0
3,20000,200000,3,1,200000,6,1,set,28.379375,0,0,200000
3,20000,200000,3,1,200000,6,2,filtered_set,17.80229,0,0,3454
3,20000,200000,7,0,200000,0,0,bloom,23.83146,200000,200000,0
3,20000,200000,7,0,200000,0,1,filtered_set,47.95729,200000,200000,200000
3,20000,200000,7,0,200000,0,2,set,18.56021,200000,200000,200000
3,20000,200000,7,0,200000,1,0,filtered_set,47.081875,200000,200000,200000
3,20000,200000,7,0,200000,1,1,set,18.865835,200000,200000,200000
3,20000,200000,7,0,200000,1,2,bloom,25.017705,200000,200000,0
3,20000,200000,7,0,200000,2,0,bloom,23.70021,200000,200000,0
3,20000,200000,7,0,200000,2,1,filtered_set,47.65729,200000,200000,200000
3,20000,200000,7,0,200000,2,2,set,19.352085,200000,200000,200000
3,20000,200000,7,0,200000,3,0,set,18.397085,200000,200000,200000
3,20000,200000,7,0,200000,3,1,bloom,23.970415,200000,200000,0
3,20000,200000,7,0,200000,3,2,filtered_set,47.848545,200000,200000,200000
3,20000,200000,7,0,200000,4,0,set,18.455,200000,200000,200000
3,20000,200000,7,0,200000,4,1,filtered_set,47.486045,200000,200000,200000
3,20000,200000,7,0,200000,4,2,bloom,23.47833,200000,200000,0
3,20000,200000,7,0,200000,5,0,filtered_set,47.727915,200000,200000,200000
3,20000,200000,7,0,200000,5,1,set,18.46229,200000,200000,200000
3,20000,200000,7,0,200000,5,2,bloom,23.56167,200000,200000,0
3,20000,200000,7,0,200000,6,0,set,18.39375,200000,200000,200000
3,20000,200000,7,0,200000,6,1,bloom,23.561875,200000,200000,0
3,20000,200000,7,0,200000,6,2,filtered_set,47.76125,200000,200000,200000
3,20000,200000,7,0.5,200000,0,0,set,34.205,100000,100000,200000
3,20000,200000,7,0.5,200000,0,1,filtered_set,44.02167,100000,100000,100780
3,20000,200000,7,0.5,200000,0,2,bloom,31.432915,100780,100000,0
3,20000,200000,7,0.5,200000,1,0,bloom,31.17729,100780,100000,0
3,20000,200000,7,0.5,200000,1,1,set,33.39833,100000,100000,200000
3,20000,200000,7,0.5,200000,1,2,filtered_set,44.74104,100000,100000,100780
3,20000,200000,7,0.5,200000,2,0,filtered_set,44.067085,100000,100000,100780
3,20000,200000,7,0.5,200000,2,1,set,33.115835,100000,100000,200000
3,20000,200000,7,0.5,200000,2,2,bloom,30.602085,100780,100000,0
3,20000,200000,7,0.5,200000,3,0,bloom,30.783955,100780,100000,0
3,20000,200000,7,0.5,200000,3,1,filtered_set,44.600835,100000,100000,100780
3,20000,200000,7,0.5,200000,3,2,set,33.206875,100000,100000,200000
3,20000,200000,7,0.5,200000,4,0,filtered_set,43.777705,100000,100000,100780
3,20000,200000,7,0.5,200000,4,1,bloom,32.09396,100780,100000,0
3,20000,200000,7,0.5,200000,4,2,set,36.949375,100000,100000,200000
3,20000,200000,7,0.5,200000,5,0,set,34.09021,100000,100000,200000
3,20000,200000,7,0.5,200000,5,1,bloom,31.09396,100780,100000,0
3,20000,200000,7,0.5,200000,5,2,filtered_set,44.159165,100000,100000,100780
3,20000,200000,7,0.5,200000,6,0,bloom,30.708955,100780,100000,0
3,20000,200000,7,0.5,200000,6,1,filtered_set,44.393125,100000,100000,100780
3,20000,200000,7,0.5,200000,6,2,set,34.266875,100000,100000,200000
3,20000,200000,7,0.9,200000,0,0,filtered_set,42.80125,20000,20000,21472
3,20000,200000,7,0.9,200000,0,1,set,30.568125,20000,20000,200000
3,20000,200000,7,0.9,200000,0,2,bloom,38.20854,21472,20000,0
3,20000,200000,7,0.9,200000,1,0,filtered_set,43.628545,20000,20000,21472
3,20000,200000,7,0.9,200000,1,1,bloom,38.26271,21472,20000,0
3,20000,200000,7,0.9,200000,1,2,set,30.4775,20000,20000,200000
3,20000,200000,7,0.9,200000,2,0,bloom,40.89958,21472,20000,0
3,20000,200000,7,0.9,200000,2,1,set,29.13542,20000,20000,200000
3,20000,200000,7,0.9,200000,2,2,filtered_set,43.345835,20000,20000,21472
3,20000,200000,7,0.9,200000,3,0,bloom,37.98896,21472,20000,0
3,20000,200000,7,0.9,200000,3,1,set,30.303125,20000,20000,200000
3,20000,200000,7,0.9,200000,3,2,filtered_set,42.41375,20000,20000,21472
3,20000,200000,7,0.9,200000,4,0,filtered_set,42.447705,20000,20000,21472
3,20000,200000,7,0.9,200000,4,1,set,29.997085,20000,20000,200000
3,20000,200000,7,0.9,200000,4,2,bloom,38.78896,21472,20000,0
3,20000,200000,7,0.9,200000,5,0,bloom,39.279165,21472,20000,0
3,20000,200000,7,0.9,200000,5,1,filtered_set,43.51625,20000,20000,21472
3,20000,200000,7,0.9,200000,5,2,set,28.970835,20000,20000,200000
3,20000,200000,7,0.9,200000,6,0,bloom,37.39854,21472,20000,0
3,20000,200000,7,0.9,200000,6,1,filtered_set,43.22479,20000,20000,21472
3,20000,200000,7,0.9,200000,6,2,set,29.88125,20000,20000,200000
3,20000,200000,7,1,200000,0,0,set,28.81979,0,0,200000
3,20000,200000,7,1,200000,0,1,bloom,38.917085,1640,0,0
3,20000,200000,7,1,200000,0,2,filtered_set,40.405625,0,0,1640
3,20000,200000,7,1,200000,1,0,set,28.165835,0,0,200000
3,20000,200000,7,1,200000,1,1,filtered_set,40.06729,0,0,1640
3,20000,200000,7,1,200000,1,2,bloom,38.110835,1640,0,0
3,20000,200000,7,1,200000,2,0,filtered_set,40.447295,0,0,1640
3,20000,200000,7,1,200000,2,1,bloom,38.59271,1640,0,0
3,20000,200000,7,1,200000,2,2,set,28.355,0,0,200000
3,20000,200000,7,1,200000,3,0,bloom,37.725625,1640,0,0
3,20000,200000,7,1,200000,3,1,set,27.567295,0,0,200000
3,20000,200000,7,1,200000,3,2,filtered_set,40.079795,0,0,1640
3,20000,200000,7,1,200000,4,0,filtered_set,40.42375,0,0,1640
3,20000,200000,7,1,200000,4,1,set,28.100835,0,0,200000
3,20000,200000,7,1,200000,4,2,bloom,39.577705,1640,0,0
3,20000,200000,7,1,200000,5,0,filtered_set,41.632705,0,0,1640
3,20000,200000,7,1,200000,5,1,bloom,39.442085,1640,0,0
3,20000,200000,7,1,200000,5,2,set,30.78229,0,0,200000
3,20000,200000,7,1,200000,6,0,bloom,39.38896,1640,0,0
3,20000,200000,7,1,200000,6,1,set,28.58896,0,0,200000
3,20000,200000,7,1,200000,6,2,filtered_set,41.87125,0,0,1640
3,20000,200000,11,0,200000,0,0,bloom,37.854375,200000,200000,0
3,20000,200000,11,0,200000,0,1,filtered_set,62.317705,200000,200000,200000
3,20000,200000,11,0,200000,0,2,set,21.561875,200000,200000,200000
3,20000,200000,11,0,200000,1,0,filtered_set,65.201875,200000,200000,200000
3,20000,200000,11,0,200000,1,1,set,18.546665,200000,200000,200000
3,20000,200000,11,0,200000,1,2,bloom,37.9475,200000,200000,0
3,20000,200000,11,0,200000,2,0,bloom,37.9175,200000,200000,0
3,20000,200000,11,0,200000,2,1,filtered_set,62.113125,200000,200000,200000
3,20000,200000,11,0,200000,2,2,set,19.3525,200000,200000,200000
3,20000,200000,11,0,200000,3,0,set,18.464585,200000,200000,200000
3,20000,200000,11,0,200000,3,1,bloom,37.241665,200000,200000,0
3,20000,200000,11,0,200000,3,2,filtered_set,61.525835,200000,200000,200000
3,20000,200000,11,0,200000,4,0,set,18.735,200000,200000,200000
3,20000,200000,11,0,200000,4,1,filtered_set,61.804165,200000,200000,200000
3,20000,200000,11,0,200000,4,2,bloom,38.01771,200000,200000,0
3,20000,200000,11,0,200000,5,0,filtered_set,61.818125,200000,200000,200000
3,20000,200000,11,0,200000,5,1,set,19.8225,200000,200000,200000
3,20000,200000,11,0,200000,5,2,bloom,37.580625,200000,200000,0
3,20000,200000,11,0,200000,6,0,set,19.15292,200000,200000,200000
3,20000,200000,11,0,200000,6,1,bloom,37.20417,200000,200000,0
3,20000,200000,11,0,200000,6,2,filtered_set,61.52896,200000,200000,200000
3,20000,200000,11,0.5,200000,0,0,set,34.414795,100000,100000,200000
3,20000,200000,11,0.5,200000,0,1,filtered_set,54.148335,100000,100000,101135
3,20000,200000,11,0.5,200000,0,2,bloom,41.730625,101135,100000,0
3,20000,200000,11,0.5,200000,1,0,bloom,42.245415,101135,100000,0
3,20000,200000,11,0.5,200000,1,1,set,35.07042,100000,100000,200000
3,20000,200000,11,0.5,200000,1,2,filtered_set,54.843955,100000,100000,101135
3,20000,200000,11,0.5,200000,2,0,filtered_set,53.58292,100000,100000,101135
3,20000,200000,11,0.5,200000,2,1,set,35.25417,100000,100000,200000
3,20000,200000,11,0.5,200000,2,2,bloom,39.82979,101135,100000,0
3,20000,200000,11,0.5,200000,3,0,bloom,40.141875,101135,100000,0
3,20000,200000,11,0.5,200000,3,1,filtered_set,52.39521,100000,100000,101135
3,20000,200000,11,0.5,200000,3,2,set,34.03771,100000,100000,200000
3,20000,200000,11,0.5,200000,4,0,filtered_set,52.779375,100000,100000,101135
3,20000,200000,11,0.5,200000,4,1,bloom,39.269375,101135,100000,0
3,20000,200000,11,0.5,200000,4,2,set,33.02771,100000,100000,200000
3,20000,200000,11,0.5,200000,5,0,set,32.84125,100000,100000,200000
3,20000,200000,11,0.5,200000,5,1,bloom,37.926455,101135,100000,0
3,20000,200000,11,0.5,200000,5,2,filtered_set,52.435625,100000,100000,101135
3,20000,200000,11,0.5,200000,6,0,bloom,38.9925,101135,100000,0
3,20000,200000,11,0.5,200000,6,1,filtered_set,52.66625,100000,100000,101135
3,20000,200000,11,0.5,200000,6,2,set,32.8175,100000,100000,200000
3,20000,200000,11,0.9,200000,0,0,filtered_set,46.03646,20000,20000,22111
3,20000,200000,11,0.9,200000,0,1,set,29.502085,20000,20000,200000
3,20000,200000,11,0.9,200000,0,2,bloom,41.293125,22111,20000,0
3,20000,200000,11,0.9,200000,1,0,filtered_set,45.769585,20000,20000,22111
3,20000,200000,11,0.9,200000,1,1,bloom,40.92771,22111,20000,0
3,20000,200000,11,0.9,200000,1,2,set,28.694795,20000,20000,200000
3,20000,200000,11,0.9,200000,2,0,bloom,40.277085,22111,20000,0
3,20000,200000,11,0.9,200000,2,1,set,29.02604,20000,20000,200000
3,20000,200000,11,0.9,200000,2,2,filtered_set,45.967085,20000,20000,22111
3,20000,200000,11,0.9,200000,3,0,bloom,40.5,22111,20000,0
3,20000,200000,11,0.9,200000,3,1,set,28.9825,20000,20000,200000
3,20000,200000,11,0.9,200000,3,2,filtered_set,46.2375,20000,20000,22111
3,20000,200000,11,0.9,200000,4,0,filtered_set,45.439375,20000,20000,22111
3,20000,200000,11,0.9,200000,4,1,set,29.31958,20000,20000,200000
3,20000,200000,11,0.9,200000,4,2,bloom,40.7225,22111,20000,0
3,20000,200000,11,0.9,200000,5,0,bloom,40.515,22111,20000,0
3,20000,200000,11,0.9,200000,5,1,filtered_set,46.23646,20000,20000,22111
3,20000,200000,11,0.9,200000,5,2,set,29.17146,20000,20000,200000
3,20000,200000,11,0.9,200000,6,0,bloom,41.1125,22111,20000,0
3,20000,200000,11,0.9,200000,6,1,filtered_set,45.876045,20000,20000,22111
3,20000,200000,11,0.9,200000,6,2,set,29.08625,20000,20000,200000
3,20000,200000,11,1,200000,0,0,set,27.63979,0,0,200000
3,20000,200000,11,1,200000,0,1,bloom,41.13417,2336,0,0
3,20000,200000,11,1,200000,0,2,filtered_set,43.802085,0,0,2336
3,20000,200000,11,1,200000,1,0,set,27.626665,0,0,200000
3,20000,200000,11,1,200000,1,1,filtered_set,44.013125,0,0,2336
3,20000,200000,11,1,200000,1,2,bloom,41.332085,2336,0,0
3,20000,200000,11,1,200000,2,0,filtered_set,44.00896,0,0,2336
3,20000,200000,11,1,200000,2,1,bloom,40.767705,2336,0,0
3,20000,200000,11,1,200000,2,2,set,27.626045,0,0,200000
3,20000,200000,11,1,200000,3,0,bloom,40.959375,2336,0,0
3,20000,200000,11,1,200000,3,1,set,27.619585,0,0,200000
3,20000,200000,11,1,200000,3,2,filtered_set,44.256875,0,0,2336
3,20000,200000,11,1,200000,4,0,filtered_set,43.873545,0,0,2336
3,20000,200000,11,1,200000,4,1,set,27.475625,0,0,200000
3,20000,200000,11,1,200000,4,2,bloom,41.527085,2336,0,0
3,20000,200000,11,1,200000,5,0,filtered_set,44.55354,0,0,2336
3,20000,200000,11,1,200000,5,1,bloom,41.862295,2336,0,0
3,20000,200000,11,1,200000,5,2,set,28.20125,0,0,200000
3,20000,200000,11,1,200000,6,0,bloom,42.020625,2336,0,0
3,20000,200000,11,1,200000,6,1,set,28.11625,0,0,200000
3,20000,200000,11,1,200000,6,2,filtered_set,44.545,0,0,2336
3,200000,2000000,1,0,200000,0,0,set,20.708335,200000,200000,200000
3,200000,2000000,1,0,200000,0,1,bloom,3.73083,200000,200000,0
3,200000,2000000,1,0,200000,0,2,filtered_set,27.152915,200000,200000,200000
3,200000,2000000,1,0,200000,1,0,filtered_set,27.45896,200000,200000,200000
3,200000,2000000,1,0,200000,1,1,bloom,3.71479,200000,200000,0
3,200000,2000000,1,0,200000,1,2,set,20.72896,200000,200000,200000
3,200000,2000000,1,0,200000,2,0,bloom,4.068335,200000,200000,0
3,200000,2000000,1,0,200000,2,1,filtered_set,27.544375,200000,200000,200000
3,200000,2000000,1,0,200000,2,2,set,20.132705,200000,200000,200000
3,200000,2000000,1,0,200000,3,0,bloom,3.755625,200000,200000,0
3,200000,2000000,1,0,200000,3,1,set,19.934375,200000,200000,200000
3,200000,2000000,1,0,200000,3,2,filtered_set,27.172915,200000,200000,200000
3,200000,2000000,1,0,200000,4,0,filtered_set,27.19146,200000,200000,200000
3,200000,2000000,1,0,200000,4,1,bloom,3.72979,200000,200000,0
3,200000,2000000,1,0,200000,4,2,set,20.66,200000,200000,200000
3,200000,2000000,1,0,200000,5,0,bloom,3.79271,200000,200000,0
3,200000,2000000,1,0,200000,5,1,filtered_set,28.185,200000,200000,200000
3,200000,2000000,1,0,200000,5,2,set,20.35854,200000,200000,200000
3,200000,2000000,1,0,200000,6,0,filtered_set,27.150835,200000,200000,200000
3,200000,2000000,1,0,200000,6,1,set,20.298125,200000,200000,200000
3,200000,2000000,1,0,200000,6,2,bloom,3.683335,200000,200000,0
3,200000,2000000,1,0.5,200000,0,0,filtered_set,37.898545,100000,100000,109627
3,200000,2000000,1,0.5,200000,0,1,set,35.862915,100000,100000,200000
3,200000,2000000,1,0.5,200000,0,2,bloom,20.243335,109627,100000,0
3,200000,2000000,1,0.5,200000,1,0,bloom,20.59271,109627,100000,0
3,200000,2000000,1,0.5,200000,1,1,set,36.564165,100000,100000,200000
3,200000,2000000,1,0.5,200000,1,2,filtered_set,38.2925,100000,100000,109627
3,200000,2000000,1,0.5,200000,2,0,bloom,20.16104,109627,100000,0
3,200000,2000000,1,0.5,200000,2,1,set,35.95625,100000,100000,200000
3,200000,2000000,1,0.5,200000,2,2,filtered_set,38.76167,100000,100000,109627
3,200000,2000000,1,0.5,200000,3,0,bloom,19.88458,109627,100000,0
3,200000,2000000,1,0.5,200000,3,1,set,35.59396,100000,100000,200000
3,200000,2000000,1,0.5,200000,3,2,filtered_set,37.96375,100000,100000,109627
3,200000,2000000,1,0.5,200000,4,0,set,36.01729,100000,100000,200000
3,200000,2000000,1,0.5,200000,4,1,filtered_set,37.903125,100000,100000,109627
3,200000,2000000,1,0.5,200000,4,2,bloom,19.731665,109627,100000,0
3,200000,2000000,1,0.5,200000,5,0,filtered_set,37.055625,100000,100000,109627
3,200000,2000000,1,0.5,200000,5,1,bloom,20.096665,109627,100000,0
3,200000,2000000,1,0.5,200000,5,2,set,35.975,100000,100000,200000
3,200000,2000000,1,0.5,200000,6,0,set,36.50125,100000,100000,200000
3,200000,2000000,1,0.5,200000,6,1,bloom,19.77625,109627,100000,0
3,200000,2000000,1,0.5,200000,6,2,filtered_set,37.5925,100000,100000,109627
3,200000,2000000,1,0.9,200000,0,0,filtered_set,21.008545,20000,20000,37311
3,200000,2000000,1,0.9,200000,0,1,set,31.394375,20000,20000,200000
3,200000,2000000,1,0.9,200000,0,2,bloom,10.52125,37311,20000,0
3,200000,2000000,1,0.9,200000,1,0,filtered_set,20.408335,20000,20000,37311
3,200000,2000000,1,0.9,200000,1,1,set,32.39604,20000,20000,200000
3,200000,2000000,1,0.9,200000,1,2,bloom,10.784585,37311,20000,0
3,200000,2000000,1,0.9,200000,2,0,bloom,10.353125,37311,20000,0
3,200000,2000000,1,0.9,200000,2,1,filtered_set,20.85604,20000,20000,37311
3,200000,2000000,1,0.9,200000,2,2,set,32.086455,20000,20000,200000
3,200000,2000000,1,0.9,200000,3,0,set,31.38771,20000,20000,200000
3,200000,2000000,1,0.9,200000,3,1,filtered_set,20.82146,20000,20000,37311
3,200000,2000000,1,0.9,200000,3,2,bloom,10.379375,37311,20000,0
3,200000,2000000,1,0.9,200000,4,0,set,31.98646,20000,20000,200000
3,200000,2000000,1,0.9,200000,4,1,filtered_set,20.870415,20000,20000,37311
3,200000,2000000,1,0.9,200000,4,2,bloom,10.363335,37311,20000,0
3,200000,2000000,1,0.9,200000,5,0,bloom,10.37875,37311,20000,0
3,200000,2000000,1,0.9,200000,5,1,set,38.4625,20000,20000,200000
3,200000,2000000,1,0.9,200000,5,2,filtered_set,21.911875,20000,20000,37311
3,200000,2000000,1,0.9,200000,6,0,bloom,10.208335,37311,20000,0
3,200000,2000000,1,0.9,200000,6,1,filtered_set,20.519375,20000,20000,37311
3,200000,2000000,1,0.9,200000,6,2,set,31.464165,20000,20000,200000
3,200000,2000000,1,1,200000,0,0,bloom,6.981665,19166,0,0
3,200000,2000000,1,1,200000,0,1,set,31.170415,0,0,200000
3,200000,2000000,1,1,200000,0,2,filtered_set,11.24875,0,0,19166
3,200000,2000000,1,1,200000,1,0,filtered_set,10.961875,0,0,19166
3,200000,2000000,1,1,200000,1,1,bloom,6.891875,19166,0,0
3,200000,2000000,1,1,200000,1,2,set,29.80417,0,0,200000
3,200000,2000000,1,1,200000,2,0,set,30.565835,0,0,200000
3,200000,2000000,1,1,200000,2,1,bloom,6.95333,19166,0,0
3,200000,2000000,1,1,200000,2,2,filtered_set,11.436875,0,0,19166
3,200000,2000000,1,1,200000,3,0,set,30.14583,0,0,200000
3,200000,2000000,1,1,200000,3,1,bloom,7.061665,19166,0,0
3,200000,2000000,1,1,200000,3,2,filtered_set,10.97104,0,0,19166
3,200000,2000000,1,1,200000,4,0,set,30.297915,0,0,200000
3,200000,2000000,1,1,200000,4,1,bloom,7.037915,19166,0,0
3,200000,2000000,1,1,200000,4,2,filtered_set,11.18833,0,0,19166
3,200000,2000000,1,1,200000,5,0,set,30.213125,0,0,200000
3,200000,2000000,1,1,200000,5,1,filtered_set,10.82833,0,0,19166
3,200000,2000000,1,1,200000,5,2,bloom,6.794375,19166,0,0
3,200000,2000000,1,1,200000,6,0,set,29.705625,0,0,200000
3,200000,2000000,1,1,200000,6,1,filtered_set,11.264375,0,0,19166
3,200000,2000000,1,1,200000,6,2,bloom,6.92396,19166,0,0
3,200000,2000000,3,0,200000,0,0,set,20.899585,200000,200000,200000
3,200000,2000000,3,0,200000,0,1,bloom,10.743335,200000,200000,0
3,200000,2000000,3,0,200000,0,2,filtered_set,37.581875,200000,200000,200000
3,200000,2000000,3,0,200000,1,0,filtered_set,37.10375,200000,200000,200000
3,200000,2000000,3,0,200000,1,1,bloom,10.541665,200000,200000,0
3,200000,2000000,3,0,200000,1,2,set,20.201875,200000,200000,200000
3,200000,2000000,3,0,200000,2,0,bloom,10.904375,200000,200000,0
3,200000,2000000,3,0,200000,2,1,filtered_set,36.98583,200000,200000,200000
3,200000,2000000,3,0,200000,2,2,set,21.055205,200000,200000,200000
3,200000,2000000,3,0,200000,3,0,bloom,10.67146,200000,200000,0
3,200000,2000000,3,0,200000,3,1,set,20.26958,200000,200000,200000
3,200000,2000000,3,0,200000,3,2,filtered_set,37.030625,200000,200000,200000
3,200000,2000000,3,0,200000,4,0,filtered_set,37.69646,200000,200000,200000
3,200000,2000000,3,0,200000,4,1,bloom,10.552085,200000,200000,0
3,200000,2000000,3,0,200000,4,2,set,20.151875,200000,200000,200000
3,200000,2000000,3,0,200000,5,0,bloom,10.7975,200000,200000,0
3,200000,2000000,3,0,200000,5,1,filtered_set,37.27271,200000,200000,200000
3,200000,2000000,3,0,200000,5,2,set,20.33208,200000,200000,200000
3,200000,2000000,3,0,200000,6,0,filtered_set,37.43646,200000,200000,200000
3,200000,2000000,3,0,200000,6,1,set,20.955835,200000,200000,200000
3,200000,2000000,3,0,200000,6,2,bloom,10.709585,200000,200000,0
3,200000,2000000,3,0.5,200000,0,0,filtered_set,39.98417,100000,100000,101749
3,200000,2000000,3,0.5,200000,0,1,set,35.93396,100000,100000,200000
3,200000,2000000,3,0.5,200000,0,2,bloom,25.42208,101749,100000,0
3,200000,2000000,3,0.5,200000,1,0,bloom,25.110415,101749,100000,0
3,200000,2000000,3,0.5,200000,1,1,set,35.93771,100000,100000,200000
3,200000,2000000,3,0.5,200000,1,2,filtered_set,40.72521,100000,100000,101749
3,200000,2000000,3,0.5,200000,2,0,bloom,26.051455,101749,100000,0
3,200000,2000000,3,0.5,200000,2,1,set,35.702085,100000,100000,200000
3,200000,2000000,3,0.5,200000,2,2,filtered_set,41.613125,100000,100000,101749
3,200000,2000000,3,0.5,200000,3,0,bloom,26.265835,101749,100000,0
3,200000,2000000,3,0.5,200000,3,1,set,36.978545,100000,100000,200000
3,200000,2000000,3,0.5,200000,3,2,filtered_set,42.546875,100000,100000,101749
3,200000,2000000,3,0.5,200000,4,0,set,35.816875,100000,100000,200000
3,200000,2000000,3,0.5,200000,4,1,filtered_set,41.56229,100000,100000,101749
3,200000,2000000,3,0.5,200000,4,2,bloom,25.47604,101749,100000,0
3,200000,2000000,3,0.5,200000,5,0,filtered_set,41.49333,100000,100000,101749
3,200000,2000000,3,0.5,200000,5,1,bloom,25.339795,101749,100000,0
3,200000,2000000,3,0.5,200000,5,2,set,36.255835,100000,100000,200000
3,200000,2000000,3,0.5,200000,6,0,set,36.14271,100000,100000,200000
3,200000,2000000,3,0.5,200000,6,1,bloom,25.5575,101749,100000,0
3,200000,2000000,3,0.5,200000,6,2,filtered_set,41.90458,100000,100000,101749
3,200000,2000000,3,0.9,200000,0,0,filtered_set,30.359585,20000,20000,23167
3,200000,2000000,3,0.9,200000,0,1,set,31.381665,20000,20000,200000
3,200000,2000000,3,0.9,200000,0,2,bloom,25.01021,23167,20000,0
3,200000,2000000,3,0.9,200000,1,0,filtered_set,31.20792,20000,20000,23167
3,200000,2000000,3,0.9,200000,1,1,set,32.15875,20000,20000,200000
3,200000,2000000,3,0.9,200000,1,2,bloom,25.266665,23167,20000,0
3,200000,2000000,3,0.9,200000,2,0,bloom,24.826875,23167,20000,0
3,200000,2000000,3,0.9,200000,2,1,filtered_set,31.849585,20000,20000,23167
3,200000,2000000,3,0.9,200000,2,2,set,32.624795,20000,20000,200000
3,200000,2000000,3,0.9,200000,3,0,set,31.90875,20000,20000,200000
3,200000,2000000,3,0.9,200000,3,1,filtered_set,30.35583,20000,20000,23167
3,200000,2000000,3,0.9,200000,3,2,bloom,25.083125,23167,20000,0
3,200000,2000000,3,0.9,200000,4,0,set,32.38146,20000,20000,200000
3,200000,2000000,3,0.9,200000,4,1,filtered_set,30.8875,20000,20000,23167
3,200000,2000000,3,0.9,200000,4,2,bloom,25.4525,23167,20000,0
3,200000,2000000,3,0.9,200000,5,0,bloom,25.301665,23167,20000,0
3,200000,2000000,3,0.9,200000,5,1,set,31.045625,20000,20000,200000
3,200000,2000000,3,0.9,200000,5,2,filtered_set,31.484585,20000,20000,23167
3,200000,2000000,3,0.9,200000,6,0,bloom,24.783955,23167,20000,0
3,200000,2000000,3,0.9,200000,6,1,filtered_set,31.04646,20000,20000,23167
3,200000,2000000,3,0.9,200000,6,2,set,32.794165,20000,20000,200000
3,200000,2000000,3,1,200000,0,0,bloom,20.04354,3541,0,0
3,200000,2000000,3,1,200000,0,1,set,38.11375,0,0,200000
3,200000,2000000,3,1,200000,0,2,filtered_set,19.60104,0,0,3541
3,200000,2000000,3,1,200000,1,0,filtered_set,19.428125,0,0,3541
3,200000,2000000,3,1,200000,1,1,bloom,16.935415,3541,0,0
3,200000,2000000,3,1,200000,1,2,set,37.694375,0,0,200000
3,200000,2000000,3,1,200000,2,0,set,42.785,0,0,200000
3,200000,2000000,3,1,200000,2,1,bloom,19.14521,3541,0,0
3,200000,2000000,3,1,200000,2,2,filtered_set,19.016875,0,0,3541
3,200000,2000000,3,1,200000,3,0,set,32.951665,0,0,200000
3,200000,2000000,3,1,200000,3,1,bloom,16.955625,3541,0,0
3,200000,2000000,3,1,200000,3,2,filtered_set,28.140625,0,0,3541
3,200000,2000000,3,1,200000,4,0,set,82.00875,0,0,200000
3,200000,2000000,3,1,200000,4,1,bloom,21.203335,3541,0,0
3,200000,2000000,3,1,200000,4,2,filtered_set,22.55896,0,0,3541
3,200000,2000000,3,1,200000,5,0,set,41.320415,0,0,200000
3,200000,2000000,3,1,200000,5,1,filtered_set,19.735415,0,0,3541
3,200000,2000000,3,1,200000,5,2,bloom,17.24125,3541,0,0
3,200000,2000000,3,1,200000,6,0,set,33.88021,0,0,200000
3,200000,2000000,3,1,200000,6,1,filtered_set,18.509375,0,0,3541
3,200000,2000000,3,1,200000,6,2,bloom,23.64729,3541,0,0
3,200000,2000000,7,0,200000,0,0,set,30.759165,200000,200000,200000
3,200000,2000000,7,0,200000,0,1,bloom,28.860415,200000,200000,0
3,200000,2000000,7,0,200000,0,2,filtered_set,61.436665,200000,200000,200000
3,200000,2000000,7,0,200000,1,0,filtered_set,62.828125,200000,200000,200000
3,200000,2000000,7,0,200000,1,1,bloom,24.8425,200000,200000,0
3,200000,2000000,7,0,200000,1,2,set,21.245415,200000,200000,200000
3,200000,2000000,7,0,200000,2,0,bloom,25.52854,200000,200000,0
3,200000,2000000,7,0,200000,2,1,filtered_set,54.55104,200000,200000,200000
3,200000,2000000,7,0,200000,2,2,set,20.40104,200000,200000,200000
3,200000,2000000,7,0,200000,3,0,bloom,24.27771,200000,200000,0
3,200000,2000000,7,0,200000,3,1,set,20.516875,200000,200000,200000
3,200000,2000000,7,0,200000,3,2,filtered_set,52.294375,200000,200000,200000
3,200000,2000000,7,0,200000,4,0,filtered_set,53.82229,200000,200000,200000
3,200000,2000000,7,0,200000,4,1,bloom,24.186045,200000,200000,0
3,200000,2000000,7,0,200000,4,2,set,20.73479,200000,200000,200000
3,200000,2000000,7,0,200000,5,0,bloom,25.02125,200000,200000,0
3,200000,2000000,7,0,200000,5,1,filtered_set,53.140625,200000,200000,200000
3,200000,2000000,7,0,200000,5,2,set,20.73625,200000,200000,200000
3,200000,2000000,7,0,200000,6,0,filtered_set,52.851665,200000,200000,200000
3,200000,2000000,7,0,200000,6,1,set,20.45896,200000,200000,200000
3,200000,2000000,7,0,200000,6,2,bloom,24.909585,200000,200000,0
3,200000,2000000,7,0.5,200000,0,0,filtered_set,49.005,100000,100000,100813
3,200000,2000000,7,0.5,200000,0,1,set,36.781665,100000,100000,200000
3,200000,2000000,7,0.5,200000,0,2,bloom,33.23146,100813,100000,0
3,200000,2000000,7,0.5,200000,1,0,bloom,33.22604,100813,100000,0
3,200000,2000000,7,0.5,200000,1,1,set,35.61375,100000,100000,200000
3,200000,2000000,7,0.5,200000,1,2,filtered_set,50.337915,100000,100000,100813
3,200000,2000000,7,0.5,200000,2,0,bloom,33.96521,100813,100000,0
3,200000,2000000,7,0.5,200000,2,1,set,37.049585,100000,100000,200000
3,200000,2000000,7,0.5,200000,2,2,filtered_set,50.84875,100000,100000,100813
3,200000,2000000,7,0.5,200000,3,0,bloom,34.70542,100813,100000,0
3,200000,2000000,7,0.5,200000,3,1,set,36.330625,100000,100000,200000
3,200000,2000000,7,0.5,200000,3,2,filtered_set,48.70396,100000,100000,100813
3,200000,2000000,7,0.5,200000,4,0,set,35.454375,100000,100000,200000
3,200000,2000000,7,0.5,200000,4,1,filtered_set,49.14375,100000,100000,100813
3,200000,2000000,7,0.5,200000,4,2,bloom,32.941875,100813,100000,0
3,200000,2000000,7,0.5,200000,5,0,filtered_set,52.040835,100000,100000,100813
3,200000,2000000,7,0.5,200000,5,1,bloom,34.521665,100813,100000,0
3,200000,2000000,7,0.5,200000,5,2,set,38.781045,100000,100000,200000
3,200000,2000000,7,0.5,200000,6,0,set,36.516665,100000,100000,200000
3,200000,2000000,7,0.5,200000,6,1,bloom,33.940625,100813,100000,0
3,200000,2000000,7,0.5,200000,6,2,filtered_set,54.699585,100000,100000,100813
3,200000,2000000,7,0.9,200000,0,0,filtered_set,47.243545,20000,20000,21411
3,200000,2000000,7,0.9,200000,0,1,set,31.05479,20000,20000,200000
3,200000,2000000,7,0.9,200000,0,2,bloom,41.154165,21411,20000,0
3,200000,2000000,7,0.9,200000,1,0,filtered_set,46.50375,20000,20000,21411
3,200000,2000000,7,0.9,200000,1,1,set,32.035,20000,20000,200000
3,200000,2000000,7,0.9,200000,1,2,bloom,41.742295,21411,20000,0
3,200000,2000000,7,0.9,200000,2,0,bloom,41.234375,21411,20000,0
3,200000,2000000,7,0.9,200000,2,1,filtered_set,46.511455,20000,20000,21411
3,200000,2000000,7,0.9,200000,2,2,set,32.283125,20000,20000,200000
3,200000,2000000,7,0.9,200000,3,0,set,31.016875,20000,20000,200000
3,200000,2000000,7,0.9,200000,3,1,filtered_set,46.71104,20000,20000,21411
3,200000,2000000,7,0.9,200000,3,2,bloom,41.493335,21411,20000,0
3,200000,2000000,7,0.9,200000,4,0,set,31.370625,20000,20000,200000
3,200000,2000000,7,0.9,200000,4,1,filtered_set,46.35854,20000,20000,21411
3,200000,2000000,7,0.9,200000,4,2,bloom,41.188955,21411,20000,0
3,200000,2000000,7,0.9,200000,5,0,bloom,40.91083,21411,20000,0
3,200000,2000000,7,0.9,200000,5,1,set,31.657915,20000,20000,200000
3,200000,2000000,7,0.9,200000,5,2,filtered_set,46.5425,20000,20000,21411
3,200000,2000000,7,0.9,200000,6,0,bloom,40.742915,21411,20000,0
3,200000,2000000,7,0.9,200000,6,1,filtered_set,46.53854,20000,20000,21411
3,200000,2000000,7,0.9,200000,6,2,set,33.05375,20000,20000,200000
3,200000,2000000,7,1,200000,0,0,bloom,41.1625,1562,0,0
3,200000,2000000,7,1,200000,0,1,set,33.18271,0,0,200000
3,200000,2000000,7,1,200000,0,2,filtered_set,43.49667,0,0,1562
3,200000,2000000,7,1,200000,1,0,filtered_set,43.734375,0,0,1562
3,200000,2000000,7,1,200000,1,1,bloom,41.822915,1562,0,0
3,200000,2000000,7,1,200000,1,2,set,32.571665,0,0,200000
3,200000,2000000,7,1,200000,2,0,set,31.77271,0,0,200000
3,200000,2000000,7,1,200000,2,1,bloom,41.88396,1562,0,0
3,200000,2000000,7,1,200000,2,2,filtered_set,43.621875,0,0,1562
3,200000,2000000,7,1,200000,3,0,set,32.34021,0,0,200000
3,200000,2000000,7,1,200000,3,1,bloom,41.529375,1562,0,0
3,200000,2000000,7,1,200000,3,2,filtered_set,43.49958,0,0,1562
3,200000,2000000,7,1,200000,4,0,set,30.558125,0,0,200000
3,200000,2000000,7,1,200000,4,1,bloom,40.491875,1562,0,0
3,200000,2000000,7,1,200000,4,2,filtered_set,42.6025,0,0,1562
3,200000,2000000,7,1,200000,5,0,set,30.64854,0,0,200000
3,200000,2000000,7,1,200000,5,1,filtered_set,43.6425,0,0,1562
3,200000,2000000,7,1,200000,5,2,bloom,40.81042,1562,0,0
3,200000,2000000,7,1,200000,6,0,set,36.000625,0,0,200000
3,200000,2000000,7,1,200000,6,1,filtered_set,42.902295,0,0,1562
3,200000,2000000,7,1,200000,6,2,bloom,41.48229,1562,0,0
3,200000,2000000,11,0,200000,0,0,set,20.48771,200000,200000,200000
3,200000,2000000,11,0,200000,0,1,bloom,38.458335,200000,200000,0
3,200000,2000000,11,0,200000,0,2,filtered_set,69.601875,200000,200000,200000
3,200000,2000000,11,0,200000,1,0,filtered_set,69.10521,200000,200000,200000
3,200000,2000000,11,0,200000,1,1,bloom,37.974165,200000,200000,0
3,200000,2000000,11,0,200000,1,2,set,26.448545,200000,200000,200000
3,200000,2000000,11,0,200000,2,0,bloom,38.062085,200000,200000,0
3,200000,2000000,11,0,200000,2,1,filtered_set,69.520415,200000,200000,200000
3,200000,2000000,11,0,200000,2,2,set,20.30021,200000,200000,200000
3,200000,2000000,11,0,200000,3,0,bloom,39.680625,200000,200000,0
3,200000,2000000,11,0,200000,3,1,set,21.76896,200000,200000,200000
3,200000,2000000,11,0,200000,3,2,filtered_set,69.16854,200000,200000,200000
3,200000,2000000,11,0,200000,4,0,filtered_set,69.50125,200000,200000,200000
3,200000,2000000,11,0,200000,4,1,bloom,39.58479,200000,200000,0
3,200000,2000000,11,0,200000,4,2,set,21.361665,200000,200000,200000
3,200000,2000000,11,0,200000,5,0,bloom,38.25375,200000,200000,0
3,200000,2000000,11,0,200000,5,1,filtered_set,72.279375,200000,200000,200000
3,200000,2000000,11,0,200000,5,2,set,20.395415,200000,200000,200000
3,200000,2000000,11,0,200000,6,0,filtered_set,66.96521,200000,200000,200000
3,200000,2000000,11,0,200000,6,1,set,20.535415,200000,200000,200000
3,200000,2000000,11,0,200000,6,2,bloom,38.23771,200000,200000,0
3,200000,2000000,11,0.5,200000,0,0,filtered_set,57.724585,100000,100000,101138
3,200000,2000000,11,0.5,200000,0,1,set,35.727705,100000,100000,200000
3,200000,2000000,11,0.5,200000,0,2,bloom,41.47021,101138,100000,0
3,200000,2000000,11,0.5,200000,1,0,bloom,41.04979,101138,100000,0
3,200000,2000000,11,0.5,200000,1,1,set,36.165625,100000,100000,200000
3,200000,2000000,11,0.5,200000,1,2,filtered_set,57.354375,100000,100000,101138
3,200000,2000000,11,0.5,200000,2,0,bloom,41.68208,101138,100000,0
3,200000,2000000,11,0.5,200000,2,1,set,38.17875,100000,100000,200000
3,200000,2000000,11,0.5,200000,2,2,filtered_set,57.600415,100000,100000,101138
3,200000,2000000,11,0.5,200000,3,0,bloom,52.550415,101138,100000,0
3,200000,2000000,11,0.5,200000,3,1,set,63.99042,100000,100000,200000
3,200000,2000000,11,0.5,200000,3,2,filtered_set,65.3325,100000,100000,101138
3,200000,2000000,11,0.5,200000,4,0,set,38.48042,100000,100000,200000
3,200000,2000000,11,0.5,200000,4,1,filtered_set,60.44229,100000,100000,101138
3,200000,2000000,11,0.5,200000,4,2,bloom,41.39708,101138,100000,0
3,200000,2000000,11,0.5,200000,5,0,filtered_set,56.77625,100000,100000,101138
3,200000,2000000,11,0.5,200000,5,1,bloom,43.65354,101138,100000,0
3,200000,2000000,11,0.5,200000,5,2,set,44.22854,100000,100000,200000
3,200000,2000000,11,0.5,200000,6,0,set,36.18271,100000,100000,200000
3,200000,2000000,11,0.5,200000,6,1,bloom,42.44104,101138,100000,0
3,200000,2000000,11,0.5,200000,6,2,filtered_set,62.11104,100000,100000,101138
3,200000,2000000,11,0.9,200000,0,0,filtered_set,50.45229,20000,20000,22095
3,200000,2000000,11,0.9,200000,0,1,set,32.40229,20000,20000,200000
3,200000,2000000,11,0.9,200000,0,2,bloom,45.254375,22095,20000,0
3,200000,2000000,11,0.9,200000,1,0,filtered_set,52.07729,20000,20000,22095
3,200000,2000000,11,0.9,200000,1,1,set,31.744795,20000,20000,200000
3,200000,2000000,11,0.9,200000,1,2,bloom,45.40396,22095,20000,0
3,200000,2000000,11,0.9,200000,2,0,bloom,44.103125,22095,20000,0
3,200000,2000000,11,0.9,200000,2,1,filtered_set,51.38271,20000,20000,22095
3,200000,2000000,11,0.9,200000,2,2,set,31.52479,20000,20000,200000
3,200000,2000000,11,0.9,200000,3,0,set,31.64771,20000,20000,200000
3,200000,2000000,11,0.9,200000,3,1,filtered_set,50.459165,20000,20000,22095
3,200000,2000000,11,0.9,200000,3,2,bloom,45.345625,22095,20000,0
3,200000,2000000,11,0.9,200000,4,0,set,31.019375,20000,20000,200000
3,200000,2000000,11,0.9,200000,4,1,filtered_set,50.72,20000,20000,22095
3,200000,2000000,11,0.9,200000,4,2,bloom,44.38354,22095,20000,0
3,200000,2000000,11,0.9,200000,5,0,bloom,44.936875,22095,20000,0
3,200000,2000000,11,0.9,200000,5,1,set,31.409375,20000,20000,200000
3,200000,2000000,11,0.9,200000,5,2,filtered_set,51.126665,20000,20000,22095
3,200000,2000000,11,0.9,200000,6,0,bloom,44.302085,22095,20000,0
3,200000,2000000,11,0.9,200000,6,1,filtered_set,50.33729,20000,20000,22095
3,200000,2000000,11,0.9,200000,6,2,set,31.479375,20000,20000,200000
3,200000,2000000,11,1,200000,0,0,bloom,45.32229,2336,0,0
3,200000,2000000,11,1,200000,0,1,set,30.801875,0,0,200000
3,200000,2000000,11,1,200000,0,2,filtered_set,48.13229,0,0,2336
3,200000,2000000,11,1,200000,1,0,filtered_set,48.19604,0,0,2336
3,200000,2000000,11,1,200000,1,1,bloom,45.640835,2336,0,0
3,200000,2000000,11,1,200000,1,2,set,31.73125,0,0,200000
3,200000,2000000,11,1,200000,2,0,set,29.63208,0,0,200000
3,200000,2000000,11,1,200000,2,1,bloom,45.87167,2336,0,0
3,200000,2000000,11,1,200000,2,2,filtered_set,48.040625,0,0,2336
3,200000,2000000,11,1,200000,3,0,set,31.189375,0,0,200000
3,200000,2000000,11,1,200000,3,1,bloom,46.37375,2336,0,0
3,200000,2000000,11,1,200000,3,2,filtered_set,48.559165,0,0,2336
3,200000,2000000,11,1,200000,4,0,set,30.32729,0,0,200000
3,200000,2000000,11,1,200000,4,1,bloom,45.0675,2336,0,0
3,200000,2000000,11,1,200000,4,2,filtered_set,49.03229,0,0,2336
3,200000,2000000,11,1,200000,5,0,set,30.512915,0,0,200000
3,200000,2000000,11,1,200000,5,1,filtered_set,48.456665,0,0,2336
3,200000,2000000,11,1,200000,5,2,bloom,46.859585,2336,0,0
3,200000,2000000,11,1,200000,6,0,set,31.55375,0,0,200000
3,200000,2000000,11,1,200000,6,1,filtered_set,48.0525,0,0,2336
3,200000,2000000,11,1,200000,6,2,bloom,45.430205,2336,0,0
4,20000,200000,1,0,200000,0,0,filtered_set,24.845,200000,200000,200000
4,20000,200000,1,0,200000,0,1,set,18.9625,200000,200000,200000
4,20000,200000,1,0,200000,0,2,bloom,3.683955,200000,200000,0
4,20000,200000,1,0,200000,1,0,filtered_set,25.031875,200000,200000,200000
4,20000,200000,1,0,200000,1,1,set,19.385415,200000,200000,200000
4,20000,200000,1,0,200000,1,2,bloom,3.678335,200000,200000,0
4,20000,200000,1,0,200000,2,0,filtered_set,25.41729,200000,200000,200000
4,20000,200000,1,0,200000,2,1,set,18.985835,200000,200000,200000
4,20000,200000,1,0,200000,2,2,bloom,3.598955,200000,200000,0
4,20000,200000,1,0,200000,3,0,filtered_set,25.39229,200000,200000,200000
4,20000,200000,1,0,200000,3,1,set,18.995,200000,200000,200000
4,20000,200000,1,0,200000,3,2,bloom,3.74042,200000,200000,0
4,20000,200000,1,0,200000,4,0,filtered_set,25.224375,200000,200000,200000
4,20000,200000,1,0,200000,4,1,set,19.24979,200000,200000,200000
4,20000,200000,1,0,200000,4,2,bloom,3.676875,200000,200000,0
4,20000,200000,1,0,200000,5,0,bloom,3.711665,200000,200000,0
4,20000,200000,1,0,200000,5,1,set,18.78979,200000,200000,200000
4,20000,200000,1,0,200000,5,2,filtered_set,25.420625,200000,200000,200000
4,20000,200000,1,0,200000,6,0,filtered_set,25.02729,200000,200000,200000
4,20000,200000,1,0,200000,6,1,set,18.941875,200000,200000,200000
4,20000,200000,1,0,200000,6,2,bloom,3.773125,200000,200000,0
4,20000,200000,1,0.5,200000,0,0,set,34.286045,100000,100000,200000
4,20000,200000,1,0.5,200000,0,1,bloom,19.0375,109343,100000,0
4,20000,200000,1,0.5,200000,0,2,filtered_set,34.60104,100000,100000,109343
4,20000,200000,1,0.5,200000,1,0,filtered_set,34.129585,100000,100000,109343
4,20000,200000,1,0.5,200000,1,1,set,34.790415,100000,100000,200000
4,20000,200000,1,0.5,200000,1,2,bloom,19.543545,109343,100000,0
4,20000,200000,1,0.5,200000,2,0,bloom,18.969585,109343,100000,0
4,20000,200000,1,0.5,200000,2,1,set,34.301875,100000,100000,200000
4,20000,200000,1,0.5,200000,2,2,filtered_set,34.589375,100000,100000,109343
4,20000,200000,1,0.5,200000,3,0,set,32.89396,100000,100000,200000
4,20000,200000,1,0.5,200000,3,1,filtered_set,34.247915,100000,100000,109343
4,20000,200000,1,0.5,200000,3,2,bloom,18.575835,109343,100000,0
4,20000,200000,1,0.5,200000,4,0,set,32.985,100000,100000,200000
4,20000,200000,1,0.5,200000,4,1,bloom,18.633125,109343,100000,0
4,20000,200000,1,0.5,200000,4,2,filtered_set,34.916875,100000,100000,109343
4,20000,200000,1,0.5,200000,5,0,filtered_set,35.106665,100000,100000,109343
4,20000,200000,1,0.5,200000,5,1,set,33.356665,100000,100000,200000
4,20000,200000,1,0.5,200000,5,2,bloom,19.09271,109343,100000,0
4,20000,200000,1,0.5,200000,6,0,filtered_set,34.55646,100000,100000,109343
4,20000,200000,1,0.5,200000,6,1,set,33.734375,100000,100000,200000
4,20000,200000,1,0.5,200000,6,2,bloom,19.11625,109343,100000,0
4,20000,200000,1,0.9,200000,0,0,bloom,9.53896,37063,20000,0
4,20000,200000,1,0.9,200000,0,1,filtered_set,18.86333,20000,20000,37063
4,20000,200000,1,0.9,200000,0,2,set,28.957085,20000,20000,200000
4,20000,200000,1,0.9,200000,1,0,filtered_set,19.099585,20000,20000,37063
4,20000,200000,1,0.9,200000,1,1,set,29.401665,20000,20000,200000
4,20000,200000,1,0.9,200000,1,2,bloom,9.872295,37063,20000,0
4,20000,200000,1,0.9,200000,2,0,bloom,9.633545,37063,20000,0
4,20000,200000,1,0.9,200000,2,1,filtered_set,19.4375,20000,20000,37063
4,20000,200000,1,0.9,200000,2,2,set,29.707295,20000,20000,200000
4,20000,200000,1,0.9,200000,3,0,set,29.62917,20000,20000,200000
4,20000,200000,1,0.9,200000,3,1,bloom,9.590415,37063,20000,0
4,20000,200000,1,0.9,200000,3,2,filtered_set,18.730625,20000,20000,37063
4,20000,200000,1,0.9,200000,4,0,set,29.25479,20000,20000,200000
4,20000,200000,1,0.9,200000,4,1,bloom,9.446875,37063,20000,0
4,20000,200000,1,0.9,200000,4,2,filtered_set,19.33979,20000,20000,37063
4,20000,200000,1,0.9,200000,5,0,bloom,9.57854,37063,20000,0
4,20000,200000,1,0.9,200000,5,1,filtered_set,18.54333,20000,20000,37063
4,20000,200000,1,0.9,200000,5,2,set,28.91583,20000,20000,200000
4,20000,200000,1,0.9,200000,6,0,set,29.084795,20000,20000,200000
4,20000,200000,1,0.9,200000,6,1,bloom,9.45271,37063,20000,0
4,20000,200000,1,0.9,200000,6,2,filtered_set,18.555625,20000,20000,37063
4,20000,200000,1,1,200000,0,0,bloom,6.55271,18989,0,0
4,20000,200000,1,1,200000,0,1,set,28.86854,0,0,200000
4,20000,200000,1,1,200000,0,2,filtered_set,10.406665,0,0,18989
4,20000,200000,1,1,200000,1,0,set,28.93021,0,0,200000
4,20000,200000,1,1,200000,1,1,filtered_set,10.46625,0,0,18989
4,20000,200000,1,1,200000,1,2,bloom,6.64604,18989,0,0
4,20000,200000,1,1,200000,2,0,set,28.904375,0,0,200000
4,20000,200000,1,1,200000,2,1,filtered_set,10.27604,0,0,18989
4,20000,200000,1,1,200000,2,2,bloom,6.568125,18989,0,0
4,20000,200000,1,1,200000,3,0,filtered_set,10.43896,0,0,18989
4,20000,200000,1,1,200000,3,1,bloom,6.501665,18989,0,0
4,20000,200000,1,1,200000,3,2,set,28.595415,0,0,200000
4,20000,200000,1,1,200000,4,0,bloom,6.43021,18989,0,0
4,20000,200000,1,1,200000,4,1,set,28.03,0,0,200000
4,20000,200000,1,1,200000,4,2,filtered_set,10.205,0,0,18989
4,20000,200000,1,1,200000,5,0,bloom,6.408335,18989,0,0
4,20000,200000,1,1,200000,5,1,filtered_set,10.206455,0,0,18989
4,20000,200000,1,1,200000,5,2,set,28.181875,0,0,200000
4,20000,200000,1,1,200000,6,0,bloom,6.25708,18989,0,0
4,20000,200000,1,1,200000,6,1,filtered_set,10.099165,0,0,18989
4,20000,200000,1,1,200000,6,2,set,28.24854,0,0,200000
4,20000,200000,3,0,200000,0,0,filtered_set,33.1875,200000,200000,200000
4,20000,200000,3,0,200000,0,1,set,19.379585,200000,200000,200000
4,20000,200000,3,0,200000,0,2,bloom,10.2525,200000,200000,0
4,20000,200000,3,0,200000,1,0,filtered_set,33.183545,200000,200000,200000
4,20000,200000,3,0,200000,1,1,set,18.88167,200000,200000,200000
4,20000,200000,3,0,200000,1,2,bloom,10.57583,200000,200000,0
4,20000,200000,3,0,200000,2,0,filtered_set,34.28854,200000,200000,200000
4,20000,200000,3,0,200000,2,1,set,19.581875,200000,200000,200000
4,20000,200000,3,0,200000,2,2,bloom,10.259585,200000,200000,0
4,20000,200000,3,0,200000,3,0,filtered_set,33.59771,200000,200000,200000
4,20000,200000,3,0,200000,3,1,set,20.340415,200000,200000,200000
4,20000,200000,3,0,200000,3,2,bloom,10.28521,200000,200000,0
4,20000,200000,3,0,200000,4,0,filtered_set,33.4375,200000,200000,200000
4,20000,200000,3,0,200000,4,1,set,19.3175,200000,200000,200000
4,20000,200000,3,0,200000,4,2,bloom,10.370835,200000,200000,0
4,20000,200000,3,0,200000,5,0,bloom,10.25208,200000,200000,0
4,20000,200000,3,0,200000,5,1,set,18.70625,200000,200000,200000
4,20000,200000,3,0,200000,5,2,filtered_set,33.34625,200000,200000,200000
4,20000,200000,3,0,200000,6,0,filtered_set,33.743335,200000,200000,200000
4,20000,200000,3,0,200000,6,1,set,18.80125,200000,200000,200000
4,20000,200000,3,0,200000,6,2,bloom,10.232915,200000,200000,0
4,20000,200000,3,0.5,200000,0,0,set,33.447295,100000,100000,200000
4,20000,200000,3,0.5,200000,0,1,bloom,23.718125,101767,100000,0
4,20000,200000,3,0.5,200000,0,2,filtered_set,37.317085,100000,100000,101767
4,20000,200000,3,0.5,200000,1,0,filtered_set,36.93625,100000,100000,101767
4,20000,200000,3,0.5,200000,1,1,set,34.25021,100000,100000,200000
4,20000,200000,3,0.5,200000,1,2,bloom,23.811875,101767,100000,0
4,20000,200000,3,0.5,200000,2,0,bloom,23.53875,101767,100000,0
4,20000,200000,3,0.5,200000,2,1,set,33.60875,100000,100000,200000
4,20000,200000,3,0.5,200000,2,2,filtered_set,36.83854,100000,100000,101767
4,20000,200000,3,0.5,200000,3,0,set,33.290625,100000,100000,200000
4,20000,200000,3,0.5,200000,3,1,filtered_set,36.75875,100000,100000,101767
4,20000,200000,3,0.5,200000,3,2,bloom,23.568335,101767,100000,0
4,20000,200000,3,0.5,200000,4,0,set,33.179375,100000,100000,200000
4,20000,200000,3,0.5,200000,4,1,bloom,23.557085,101767,100000,0
4,20000,200000,3,0.5,200000,4,2,filtered_set,37.631665,100000,100000,101767
4,20000,200000,3,0.5,200000,5,0,filtered_set,37.018125,100000,100000,101767
4,20000,200000,3,0.5,200000,5,1,set,33.220205,100000,100000,200000
4,20000,200000,3,0.5,200000,5,2,bloom,25.434165,101767,100000,0
4,20000,200000,3,0.5,200000,6,0,filtered_set,38.26479,100000,100000,101767
4,20000,200000,3,0.5,200000,6,1,set,34.21104,100000,100000,200000
4,20000,200000,3,0.5,200000,6,2,bloom,25.38542,101767,100000,0
4,20000,200000,3,0.9,200000,0,0,bloom,23.230835,23159,20000,0
4,20000,200000,3,0.9,200000,0,1,filtered_set,28.025415,20000,20000,23159
4,20000,200000,3,0.9,200000,0,2,set,29.264795,20000,20000,200000
4,20000,200000,3,0.9,200000,1,0,filtered_set,28.254165,20000,20000,23159
4,20000,200000,3,0.9,200000,1,1,set,29.31104,20000,20000,200000
4,20000,200000,3,0.9,200000,1,2,bloom,23.284165,23159,20000,0
4,20000,200000,3,0.9,200000,2,0,bloom,23.759585,23159,20000,0
4,20000,200000,3,0.9,200000,2,1,filtered_set,28.012705,20000,20000,23159
4,20000,200000,3,0.9,200000,2,2,set,30.00771,20000,20000,200000
4,20000,200000,3,0.9,200000,3,0,set,32.36729,20000,20000,200000
4,20000,200000,3,0.9,200000,3,1,bloom,23.712085,23159,20000,0
4,20000,200000,3,0.9,200000,3,2,filtered_set,28.713335,20000,20000,23159
4,20000,200000,3,0.9,200000,4,0,set,32.07375,20000,20000,200000
4,20000,200000,3,0.9,200000,4,1,bloom,24.540415,23159,20000,0
4,20000,200000,3,0.9,200000,4,2,filtered_set,28.60958,20000,20000,23159
4,20000,200000,3,0.9,200000,5,0,bloom,24.83729,23159,20000,0
4,20000,200000,3,0.9,200000,5,1,filtered_set,28.657295,20000,20000,23159
4,20000,200000,3,0.9,200000,5,2,set,30.30917,20000,20000,200000
4,20000,200000,3,0.9,200000,6,0,set,30.01479,20000,20000,200000
4,20000,200000,3,0.9,200000,6,1,bloom,23.629375,23159,20000,0
4,20000,200000,3,0.9,200000,6,2,filtered_set,28.438125,20000,20000,23159
4,20000,200000,3,1,200000,0,0,bloom,16.025,3498,0,0
4,20000,200000,3,1,200000,0,1,set,28.464375,0,0,200000
4,20000,200000,3,1,200000,0,2,filtered_set,17.4075,0,0,3498
4,20000,200000,3,1,200000,1,0,set,28.94354,0,0,200000
4,20000,200000,3,1,200000,1,1,filtered_set,17.440415,0,0,3498
4,20000,200000,3,1,200000,1,2,bloom,16.10854,3498,0,0
4,20000,200000,3,1,200000,2,0,set,28.725,0,0,200000
4,20000,200000,3,1,200000,2,1,filtered_set,17.546875,0,0,3498
4,20000,200000,3,1,200000,2,2,bloom,15.863125,3498,0,0
4,20000,200000,3,1,200000,3,0,filtered_set,17.08,0,0,3498
4,20000,200000,3,1,200000,3,1,bloom,16.082085,3498,0,0
4,20000,200000,3,1,200000,3,2,set,28.471455,0,0,200000
4,20000,200000,3,1,200000,4,0,bloom,15.584585,3498,0,0
4,20000,200000,3,1,200000,4,1,set,27.73354,0,0,200000
4,20000,200000,3,1,200000,4,2,filtered_set,17.164165,0,0,3498
4,20000,200000,3,1,200000,5,0,bloom,16.39479,3498,0,0
4,20000,200000,3,1,200000,5,1,filtered_set,17.47625,0,0,3498
4,20000,200000,3,1,200000,5,2,set,28.289375,0,0,200000
4,20000,200000,3,1,200000,6,0,bloom,15.66625,3498,0,0
4,20000,200000,3,1,200000,6,1,filtered_set,17.388955,0,0,3498
4,20000,200000,3,1,200000,6,2,set,28.290625,0,0,200000
4,20000,200000,7,0,200000,0,0,filtered_set,48.19604,200000,200000,200000
4,20000,200000,7,0,200000,0,1,set,19.60979,200000,200000,200000
4,20000,200000,7,0,200000,0,2,bloom,24.65229,200000,200000,0
4,20000,200000,7,0,200000,1,0,filtered_set,47.89417,200000,200000,200000
4,20000,200000,7,0,200000,1,1,set,19.676665,200000,200000,200000
4,20000,200000,7,0,200000,1,2,bloom,25.017705,200000,200000,0
4,20000,200000,7,0,200000,2,0,filtered_set,47.971875,200000,200000,200000
4,20000,200000,7,0,200000,2,1,set,19.33396,200000,200000,200000
4,20000,200000,7,0,200000,2,2,bloom,25.238955,200000,200000,0
4,20000,200000,7,0,200000,3,0,filtered_set,48.00375,200000,200000,200000
4,20000,200000,7,0,200000,3,1,set,19.830205,200000,200000,200000
4,20000,200000,7,0,200000,3,2,bloom,23.769375,200000,200000,0
4,20000,200000,7,0,200000,4,0,filtered_set,48.1575,200000,200000,200000
4,20000,200000,7,0,200000,4,1,set,19.759165,200000,200000,200000
4,20000,200000,7,0,200000,4,2,bloom,23.542705,200000,200000,0
4,20000,200000,7,0,200000,5,0,bloom,23.71229,200000,200000,0
4,20000,200000,7,0,200000,5,1,set,18.78729,200000,200000,200000
4,20000,200000,7,0,200000,5,2,filtered_set,48.073335,200000,200000,200000
4,20000,200000,7,0,200000,6,0,filtered_set,47.922915,200000,200000,200000
4,20000,200000,7,0,200000,6,1,set,18.700835,200000,200000,200000
4,20000,200000,7,0,200000,6,2,bloom,23.657295,200000,200000,0
4,20000,200000,7,0.5,200000,0,0,set,33.20667,100000,100000,200000
4,20000,200000,7,0.5,200000,0,1,bloom,31.14604,100803,100000,0
4,20000,200000,7,0.5,200000,0,2,filtered_set,44.429375,100000,100000,100803
4,20000,200000,7,0.5,200000,1,0,filtered_set,44.075415,100000,100000,100803
4,20000,200000,7,0.5,200000,1,1,set,33.352085,100000,100000,200000
4,20000,200000,7,0.5,200000,1,2,bloom,30.654165,100803,100000,0
4,20000,200000,7,0.5,200000,2,0,bloom,30.5,100803,100000,0
4,20000,200000,7,0.5,200000,2,1,set,33.431045,100000,100000,200000
4,20000,200000,7,0.5,200000,2,2,filtered_set,43.89771,100000,100000,100803
4,20000,200000,7,0.5,200000,3,0,set,33.8525,100000,100000,200000
4,20000,200000,7,0.5,200000,3,1,filtered_set,43.91646,100000,100000,100803
4,20000,200000,7,0.5,200000,3,2,bloom,31.26146,100803,100000,0
4,20000,200000,7,0.5,200000,4,0,set,34.22229,100000,100000,200000
4,20000,200000,7,0.5,200000,4,1,bloom,30.921045,100803,100000,0
4,20000,200000,7,0.5,200000,4,2,filtered_set,45.04625,100000,100000,100803
4,20000,200000,7,0.5,200000,5,0,filtered_set,43.99625,100000,100000,100803
4,20000,200000,7,0.5,200000,5,1,set,35.05,100000,100000,200000
4,20000,200000,7,0.5,200000,5,2,bloom,31.184165,100803,100000,0
4,20000,200000,7,0.5,200000,6,0,filtered_set,44.985,100000,100000,100803
4,20000,200000,7,0.5,200000,6,1,set,33.71167,100000,100000,200000
4,20000,200000,7,0.5,200000,6,2,bloom,31.63104,100803,100000,0
4,20000,200000,7,0.9,200000,0,0,bloom,37.51875,21477,20000,0
4,20000,200000,7,0.9,200000,0,1,filtered_set,43.737085,20000,20000,21477
4,20000,200000,7,0.9,200000,0,2,set,29.16521,20000,20000,200000
4,20000,200000,7,0.9,200000,1,0,filtered_set,43.70875,20000,20000,21477
4,20000,200000,7,0.9,200000,1,1,set,30.223955,20000,20000,200000
4,20000,200000,7,0.9,200000,1,2,bloom,38.30875,21477,20000,0
4,20000,200000,7,0.9,200000,2,0,bloom,41.107915,21477,20000,0
4,20000,200000,7,0.9,200000,2,1,filtered_set,76.24521,20000,20000,21477
4,20000,200000,7,0.9,200000,2,2,set,33.770205,20000,20000,200000
4,20000,200000,7,0.9,200000,3,0,set,31.35229,20000,20000,200000
4,20000,200000,7,0.9,200000,3,1,bloom,45.653125,21477,20000,0
4,20000,200000,7,0.9,200000,3,2,filtered_set,49.186045,20000,20000,21477
4,20000,200000,7,0.9,200000,4,0,set,31.638335,20000,20000,200000
4,20000,200000,7,0.9,200000,4,1,bloom,39.44042,21477,20000,0
4,20000,200000,7,0.9,200000,4,2,filtered_set,47.035625,20000,20000,21477
4,20000,200000,7,0.9,200000,5,0,bloom,37.805415,21477,20000,0
4,20000,200000,7,0.9,200000,5,1,filtered_set,43.28375,20000,20000,21477
4,20000,200000,7,0.9,200000,5,2,set,29.041455,20000,20000,200000
4,20000,200000,7,0.9,200000,6,0,set,31.004165,20000,20000,200000
4,20000,200000,7,0.9,200000,6,1,bloom,38.52854,21477,20000,0
4,20000,200000,7,0.9,200000,6,2,filtered_set,44.4625,20000,20000,21477
4,20000,200000,7,1,200000,0,0,bloom,38.442915,1650,0,0
4,20000,200000,7,1,200000,0,1,set,28.346875,0,0,200000
4,20000,200000,7,1,200000,0,2,filtered_set,40.157295,0,0,1650
4,20000,200000,7,1,200000,1,0,set,28.138335,0,0,200000
4,20000,200000,7,1,200000,1,1,filtered_set,40.29146,0,0,1650
4,20000,200000,7,1,200000,1,2,bloom,38.00833,1650,0,0
4,20000,200000,7,1,200000,2,0,set,28.16125,0,0,200000
4,20000,200000,7,1,200000,2,1,filtered_set,40.6125,0,0,1650
4,20000,200000,7,1,200000,2,2,bloom,39.235835,1650,0,0
4,20000,200000,7,1,200000,3,0,filtered_set,40.36229,0,0,1650
4,20000,200000,7,1,200000,3,1,bloom,39.199585,1650,0,0
4,20000,200000,7,1,200000,3,2,set,29.20625,0,0,200000
4,20000,200000,7,1,200000,4,0,bloom,38.19229,1650,0,0
4,20000,200000,7,1,200000,4,1,set,29.417915,0,0,200000
4,20000,200000,7,1,200000,4,2,filtered_set,40.359165,0,0,1650
4,20000,200000,7,1,200000,5,0,bloom,38.030625,1650,0,0
4,20000,200000,7,1,200000,5,1,filtered_set,40.54979,0,0,1650
4,20000,200000,7,1,200000,5,2,set,28.458335,0,0,200000
4,20000,200000,7,1,200000,6,0,bloom,38.57333,1650,0,0
4,20000,200000,7,1,200000,6,1,filtered_set,40.061045,0,0,1650
4,20000,200000,7,1,200000,6,2,set,28.075415,0,0,200000
4,20000,200000,11,0,200000,0,0,filtered_set,62.31604,200000,200000,200000
4,20000,200000,11,0,200000,0,1,set,19.05375,200000,200000,200000
4,20000,200000,11,0,200000,0,2,bloom,37.45604,200000,200000,0
4,20000,200000,11,0,200000,1,0,filtered_set,62.1975,200000,200000,200000
4,20000,200000,11,0,200000,1,1,set,19.40292,200000,200000,200000
4,20000,200000,11,0,200000,1,2,bloom,37.89021,200000,200000,0
4,20000,200000,11,0,200000,2,0,filtered_set,61.98229,200000,200000,200000
4,20000,200000,11,0,200000,2,1,set,19.12146,200000,200000,200000
4,20000,200000,11,0,200000,2,2,bloom,39.22646,200000,200000,0
4,20000,200000,11,0,200000,3,0,filtered_set,63.6725,200000,200000,200000
4,20000,200000,11,0,200000,3,1,set,18.966875,200000,200000,200000
4,20000,200000,11,0,200000,3,2,bloom,37.4075,200000,200000,0
4,20000,200000,11,0,200000,4,0,filtered_set,63.41917,200000,200000,200000
4,20000,200000,11,0,200000,4,1,set,18.998125,200000,200000,200000
4,20000,200000,11,0,200000,4,2,bloom,38.38896,200000,200000,0
4,20000,200000,11,0,200000,5,0,bloom,43.811455,200000,200000,0
4,20000,200000,11,0,200000,5,1,set,19.685625,200000,200000,200000
4,20000,200000,11,0,200000,5,2,filtered_set,63.01396,200000,200000,200000
4,20000,200000,11,0,200000,6,0,filtered_set,62.836045,200000,200000,200000
4,20000,200000,11,0,200000,6,1,set,18.67979,200000,200000,200000
4,20000,200000,11,0,200000,6,2,bloom,37.02,200000,200000,0
4,20000,200000,11,0.5,200000,0,0,set,33.535,100000,100000,200000
4,20000,200000,11,0.5,200000,0,1,bloom,38.682705,101151,100000,0
4,20000,200000,11,0.5,200000,0,2,filtered_set,53.19208,100000,100000,101151
4,20000,200000,11,0.5,200000,1,0,filtered_set,51.79104,100000,100000,101151
4,20000,200000,11,0.5,200000,1,1,set,33.82521,100000,100000,200000
4,20000,200000,11,0.5,200000,1,2,bloom,38.52854,101151,100000,0
4,20000,200000,11,0.5,200000,2,0,bloom,38.149795,101151,100000,0
4,20000,200000,11,0.5,200000,2,1,set,33.080625,100000,100000,200000
4,20000,200000,11,0.5,200000,2,2,filtered_set,52.834375,100000,100000,101151
4,20000,200000,11,0.5,200000,3,0,set,32.965835,100000,100000,200000
4,20000,200000,11,0.5,200000,3,1,filtered_set,53.519165,100000,100000,101151
4,20000,200000,11,0.5,200000,3,2,bloom,38.94542,101151,100000,0
4,20000,200000,11,0.5,200000,4,0,set,35.735835,100000,100000,200000
4,20000,200000,11,0.5,200000,4,1,bloom,39.486875,101151,100000,0
4,20000,200000,11,0.5,200000,4,2,filtered_set,53.222705,100000,100000,101151
4,20000,200000,11,0.5,200000,5,0,filtered_set,52.04625,100000,100000,101151
4,20000,200000,11,0.5,200000,5,1,set,33.490625,100000,100000,200000
4,20000,200000,11,0.5,200000,5,2,bloom,38.96292,101151,100000,0
4,20000,200000,11,0.5,200000,6,0,filtered_set,53.287295,100000,100000,101151
4,20000,200000,11,0.5,200000,6,1,set,33.605835,100000,100000,200000
4,20000,200000,11,0.5,200000,6,2,bloom,38.6425,101151,100000,0
4,20000,200000,11,0.9,200000,0,0,bloom,42.416875,22043,20000,0
4,20000,200000,11,0.9,200000,0,1,filtered_set,48.09375,20000,20000,22043
4,20000,200000,11,0.9,200000,0,2,set,30.2675,20000,20000,200000
4,20000,200000,11,0.9,200000,1,0,filtered_set,46.030625,20000,20000,22043
4,20000,200000,11,0.9,200000,1,1,set,29.543335,20000,20000,200000
4,20000,200000,11,0.9,200000,1,2,bloom,40.599165,22043,20000,0
4,20000,200000,11,0.9,200000,2,0,bloom,41.36354,22043,20000,0
4,20000,200000,11,0.9,200000,2,1,filtered_set,45.97875,20000,20000,22043
4,20000,200000,11,0.9,200000,2,2,set,29.676875,20000,20000,200000
4,20000,200000,11,0.9,200000,3,0,set,29.315,20000,20000,200000
4,20000,200000,11,0.9,200000,3,1,bloom,40.394585,22043,20000,0
4,20000,200000,11,0.9,200000,3,2,filtered_set,49.00458,20000,20000,22043
4,20000,200000,11,0.9,200000,4,0,set,29.169795,20000,20000,200000
4,20000,200000,11,0.9,200000,4,1,bloom,42.079795,22043,20000,0
4,20000,200000,11,0.9,200000,4,2,filtered_set,45.61833,20000,20000,22043
4,20000,200000,11,0.9,200000,5,0,bloom,41.78104,22043,20000,0
4,20000,200000,11,0.9,200000,5,1,filtered_set,46.04083,20000,20000,22043
4,20000,200000,11,0.9,200000,5,2,set,29.49979,20000,20000,200000
4,20000,200000,11,0.9,200000,6,0,set,29.392085,20000,20000,200000
4,20000,200000,11,0.9,200000,6,1,bloom,41.74625,22043,20000,0
4,20000,200000,11,0.9,200000,6,2,filtered_set,46.46625,20000,20000,22043
4,20000,200000,11,1,200000,0,0,bloom,41.610835,2264,0,0
4,20000,200000,11,1,200000,0,1,set,29.60375,0,0,200000
4,20000,200000,11,1,200000,0,2,filtered_set,44.912085,0,0,2264
4,20000,200000,11,1,200000,1,0,set,28.5275,0,0,200000
4,20000,200000,11,1,200000,1,1,filtered_set,43.834585,0,0,2264
4,20000,200000,11,1,200000,1,2,bloom,41.20375,2264,0,0
4,20000,200000,11,1,200000,2,0,set,28.851455,0,0,200000
4,20000,200000,11,1,200000,2,1,filtered_set,44.877915,0,0,2264
4,20000,200000,11,1,200000,2,2,bloom,41.43854,2264,0,0
4,20000,200000,11,1,200000,3,0,filtered_set,44.99021,0,0,2264
4,20000,200000,11,1,200000,3,1,bloom,44.51875,2264,0,0
4,20000,200000,11,1,200000,3,2,set,28.179375,0,0,200000
4,20000,200000,11,1,200000,4,0,bloom,41.48146,2264,0,0
4,20000,200000,11,1,200000,4,1,set,27.836455,0,0,200000
4,20000,200000,11,1,200000,4,2,filtered_set,43.91021,0,0,2264
4,20000,200000,11,1,200000,5,0,bloom,43.02646,2264,0,0
4,20000,200000,11,1,200000,5,1,filtered_set,43.854165,0,0,2264
4,20000,200000,11,1,200000,5,2,set,28.390835,0,0,200000
4,20000,200000,11,1,200000,6,0,bloom,41.82229,2264,0,0
4,20000,200000,11,1,200000,6,1,filtered_set,44.28354,0,0,2264
4,20000,200000,11,1,200000,6,2,set,28.155415,0,0,200000
4,200000,2000000,1,0,200000,0,0,bloom,3.755835,200000,200000,0
4,200000,2000000,1,0,200000,0,1,set,20.427295,200000,200000,200000
4,200000,2000000,1,0,200000,0,2,filtered_set,28.78708,200000,200000,200000
4,200000,2000000,1,0,200000,1,0,filtered_set,27.28583,200000,200000,200000
4,200000,2000000,1,0,200000,1,1,bloom,3.70396,200000,200000,0
4,200000,2000000,1,0,200000,1,2,set,20.50125,200000,200000,200000
4,200000,2000000,1,0,200000,2,0,bloom,3.758125,200000,200000,0
4,200000,2000000,1,0,200000,2,1,filtered_set,34.042705,200000,200000,200000
4,200000,2000000,1,0,200000,2,2,set,24.69208,200000,200000,200000
4,200000,2000000,1,0,200000,3,0,bloom,4.07729,200000,200000,0
4,200000,2000000,1,0,200000,3,1,set,20.735625,200000,200000,200000
4,200000,2000000,1,0,200000,3,2,filtered_set,32.814585,200000,200000,200000
4,200000,2000000,1,0,200000,4,0,set,40.9,200000,200000,200000
4,200000,2000000,1,0,200000,4,1,filtered_set,39.8725,200000,200000,200000
4,200000,2000000,1,0,200000,4,2,bloom,7.49375,200000,200000,0
4,200000,2000000,1,0,200000,5,0,bloom,8.982295,200000,200000,0
4,200000,2000000,1,0,200000,5,1,filtered_set,59.201875,200000,200000,200000
4,200000,2000000,1,0,200000,5,2,set,22.34,200000,200000,200000
4,200000,2000000,1,0,200000,6,0,filtered_set,28.131875,200000,200000,200000
4,200000,2000000,1,0,200000,6,1,set,22.931665,200000,200000,200000
4,200000,2000000,1,0,200000,6,2,bloom,3.868125,200000,200000,0
4,200000,2000000,1,0.5,200000,0,0,bloom,20.466045,109449,100000,0
4,200000,2000000,1,0.5,200000,0,1,set,36.489375,100000,100000,200000
4,200000,2000000,1,0.5,200000,0,2,filtered_set,37.64792,100000,100000,109449
4,200000,2000000,1,0.5,200000,1,0,set,40.042705,100000,100000,200000
4,200000,2000000,1,0.5,200000,1,1,bloom,19.80729,109449,100000,0
4,200000,2000000,1,0.5,200000,1,2,filtered_set,38.798335,100000,100000,109449
4,200000,2000000,1,0.5,200000,2,0,filtered_set,36.959795,100000,100000,109449
4,200000,2000000,1,0.5,200000,2,1,set,35.445415,100000,100000,200000
4,200000,2000000,1,0.5,200000,2,2,bloom,20.413955,109449,100000,0
4,200000,2000000,1,0.5,200000,3,0,bloom,20.7575,109449,100000,0
4,200000,2000000,1,0.5,200000,3,1,filtered_set,38.853545,100000,100000,109449
4,200000,2000000,1,0.5,200000,3,2,set,35.435835,100000,100000,200000
4,200000,2000000,1,0.5,200000,4,0,set,35.56146,100000,100000,200000
4,200000,2000000,1,0.5,200000,4,1,filtered_set,37.540835,100000,100000,109449
4,200000,2000000,1,0.5,200000,4,2,bloom,19.90125,109449,100000,0
4,200000,2000000,1,0.5,200000,5,0,set,39.47021,100000,100000,200000
4,200000,2000000,1,0.5,200000,5,1,filtered_set,41.225835,100000,100000,109449
4,200000,2000000,1,0.5,200000,5,2,bloom,22.33354,109449,100000,0
4,200000,2000000,1,0.5,200000,6,0,bloom,24.577085,109449,100000,0
4,200000,2000000,1,0.5,200000,6,1,filtered_set,50.59729,100000,100000,109449
4,200000,2000000,1,0.5,200000,6,2,set,39.23875,100000,100000,200000
4,200000,2000000,1,0.9,200000,0,0,filtered_set,20.168125,20000,20000,37069
4,200000,2000000,1,0.9,200000,0,1,bloom,10.260415,37069,20000,0
4,200000,2000000,1,0.9,200000,0,2,set,32.85021,20000,20000,200000
4,200000,2000000,1,0.9,200000,1,0,bloom,10.54792,37069,20000,0
4,200000,2000000,1,0.9,200000,1,1,set,31.15167,20000,20000,200000
4,200000,2000000,1,0.9,200000,1,2,filtered_set,20.71146,20000,20000,37069
4,200000,2000000,1,0.9,200000,2,0,bloom,10.681665,37069,20000,0
4,200000,2000000,1,0.9,200000,2,1,set,31.15646,20000,20000,200000
4,200000,2000000,1,0.9,200000,2,2,filtered_set,21.40104,20000,20000,37069
4,200000,2000000,1,0.9,200000,3,0,filtered_set,27.41021,20000,20000,37069
4,200000,2000000,1,0.9,200000,3,1,set,37.88604,20000,20000,200000
4,200000,2000000,1,0.9,200000,3,2,bloom,11.54708,37069,20000,0
4,200000,2000000,1,0.9,200000,4,0,filtered_set,27.8325,20000,20000,37069
4,200000,2000000,1,0.9,200000,4,1,set,43.95875,20000,20000,200000
4,200000,2000000,1,0.9,200000,4,2,bloom,12.478335,37069,20000,0
4,200000,2000000,1,0.9,200000,5,0,set,51.64375,20000,20000,200000
4,200000,2000000,1,0.9,200000,5,1,bloom,14.598955,37069,20000,0
4,200000,2000000,1,0.9,200000,5,2,filtered_set,24.496875,20000,20000,37069
4,200000,2000000,1,0.9,200000,6,0,set,34.73375,20000,20000,200000
4,200000,2000000,1,0.9,200000,6,1,bloom,10.614375,37069,20000,0
4,200000,2000000,1,0.9,200000,6,2,filtered_set,21.41583,20000,20000,37069
4,200000,2000000,1,1,200000,0,0,filtered_set,16.555,0,0,18942
4,200000,2000000,1,1,200000,0,1,set,52.03479,0,0,200000
4,200000,2000000,1,1,200000,0,2,bloom,6.860835,18942,0,0
4,200000,2000000,1,1,200000,1,0,set,32.72396,0,0,200000
4,200000,2000000,1,1,200000,1,1,bloom,6.888125,18942,0,0
4,200000,2000000,1,1,200000,1,2,filtered_set,12.887915,0,0,18942
4,200000,2000000,1,1,200000,2,0,bloom,6.7475,18942,0,0
4,200000,2000000,1,1,200000,2,1,set,31.031455,0,0,200000
4,200000,2000000,1,1,200000,2,2,filtered_set,11.04625,0,0,18942
4,200000,2000000,1,1,200000,3,0,bloom,6.79292,18942,0,0
4,200000,2000000,1,1,200000,3,1,filtered_set,15.71854,0,0,18942
4,200000,2000000,1,1,200000,3,2,set,31.229165,0,0,200000
4,200000,2000000,1,1,200000,4,0,set,29.68375,0,0,200000
4,200000,2000000,1,1,200000,4,1,filtered_set,11.736875,0,0,18942
4,200000,2000000,1,1,200000,4,2,bloom,7.286455,18942,0,0
4,200000,2000000,1,1,200000,5,0,set,30.308955,0,0,200000
4,200000,2000000,1,1,200000,5,1,filtered_set,10.897295,0,0,18942
4,200000,2000000,1,1,200000,5,2,bloom,6.783955,18942,0,0
4,200000,2000000,1,1,200000,6,0,filtered_set,10.94625,0,0,18942
4,200000,2000000,1,1,200000,6,1,bloom,6.82146,18942,0,0
4,200000,2000000,1,1,200000,6,2,set,32.629585,0,0,200000
4,200000,2000000,3,0,200000,0,0,bloom,10.8125,200000,200000,0
4,200000,2000000,3,0,200000,0,1,set,22.13729,200000,200000,200000
4,200000,2000000,3,0,200000,0,2,filtered_set,36.92875,200000,200000,200000
4,200000,2000000,3,0,200000,1,0,filtered_set,38.80354,200000,200000,200000
4,200000,2000000,3,0,200000,1,1,bloom,10.528335,200000,200000,0
4,200000,2000000,3,0,200000,1,2,set,20.71896,200000,200000,200000
4,200000,2000000,3,0,200000,2,0,bloom,10.49854,200000,200000,0
4,200000,2000000,3,0,200000,2,1,filtered_set,36.81729,200000,200000,200000
4,200000,2000000,3,0,200000,2,2,set,23.029795,200000,200000,200000
4,200000,2000000,3,0,200000,3,0,bloom,10.875415,200000,200000,0
4,200000,2000000,3,0,200000,3,1,set,24.804375,200000,200000,200000
4,200000,2000000,3,0,200000,3,2,filtered_set,40.19979,200000,200000,200000
4,200000,2000000,3,0,200000,4,0,set,365.052085,200000,200000,200000
4,200000,2000000,3,0,200000,4,1,filtered_set,66.61146,200000,200000,200000
4,200000,2000000,3,0,200000,4,2,bloom,12.11104,200000,200000,0
4,200000,2000000,3,0,200000,5,0,bloom,10.712915,200000,200000,0
4,200000,2000000,3,0,200000,5,1,filtered_set,51.235625,200000,200000,200000
4,200000,2000000,3,0,200000,5,2,set,21.78979,200000,200000,200000
4,200000,2000000,3,0,200000,6,0,filtered_set,37.054375,200000,200000,200000
4,200000,2000000,3,0,200000,6,1,set,21.908125,200000,200000,200000
4,200000,2000000,3,0,200000,6,2,bloom,10.61875,200000,200000,0
4,200000,2000000,3,0.5,200000,0,0,bloom,25.70104,101780,100000,0
4,200000,2000000,3,0.5,200000,0,1,set,73.459165,100000,100000,200000
4,200000,2000000,3,0.5,200000,0,2,filtered_set,71.56479,100000,100000,101780
4,200000,2000000,3,0.5,200000,1,0,set,38.039375,100000,100000,200000
4,200000,2000000,3,0.5,200000,1,1,bloom,26.30125,101780,100000,0
4,200000,2000000,3,0.5,200000,1,2,filtered_set,42.01333,100000,100000,101780
4,200000,2000000,3,0.5,200000,2,0,filtered_set,43.513335,100000,100000,101780
4,200000,2000000,3,0.5,200000,2,1,set,46.70229,100000,100000,200000
4,200000,2000000,3,0.5,200000,2,2,bloom,35.425415,101780,100000,0
4,200000,2000000,3,0.5,200000,3,0,bloom,60.16125,101780,100000,0
4,200000,2000000,3,0.5,200000,3,1,filtered_set,140.830415,100000,100000,101780
4,200000,2000000,3,0.5,200000,3,2,set,411.70792,100000,100000,200000
4,200000,2000000,3,0.5,200000,4,0,set,78.419795,100000,100000,200000
4,200000,2000000,3,0.5,200000,4,1,filtered_set,163.845205,100000,100000,101780
4,200000,2000000,3,0.5,200000,4,2,bloom,32.26,101780,100000,0
4,200000,2000000,3,0.5,200000,5,0,set,43.77292,100000,100000,200000
4,200000,2000000,3,0.5,200000,5,1,filtered_set,71.559375,100000,100000,101780
4,200000,2000000,3,0.5,200000,5,2,bloom,64.068955,101780,100000,0
4,200000,2000000,3,0.5,200000,6,0,bloom,38.074375,101780,100000,0
4,200000,2000000,3,0.5,200000,6,1,filtered_set,93.00292,100000,100000,101780
4,200000,2000000,3,0.5,200000,6,2,set,51.09729,100000,100000,200000
4,200000,2000000,3,0.9,200000,0,0,filtered_set,30.945625,20000,20000,23181
4,200000,2000000,3,0.9,200000,0,1,bloom,28.989585,23181,20000,0
4,200000,2000000,3,0.9,200000,0,2,set,36.35833,20000,20000,200000
4,200000,2000000,3,0.9,200000,1,0,bloom,24.69042,23181,20000,0
4,200000,2000000,3,0.9,200000,1,1,set,38.06771,20000,20000,200000
4,200000,2000000,3,0.9,200000,1,2,filtered_set,32.663955,20000,20000,23181
4,200000,2000000,3,0.9,200000,2,0,bloom,28.106875,23181,20000,0
4,200000,2000000,3,0.9,200000,2,1,set,36.312915,20000,20000,200000
4,200000,2000000,3,0.9,200000,2,2,filtered_set,31.239375,20000,20000,23181
4,200000,2000000,3,0.9,200000,3,0,filtered_set,31.97229,20000,20000,23181
4,200000,2000000,3,0.9,200000,3,1,set,32.055,20000,20000,200000
4,200000,2000000,3,0.9,200000,3,2,bloom,25.84021,23181,20000,0
4,200000,2000000,3,0.9,200000,4,0,filtered_set,31.197295,20000,20000,23181
4,200000,2000000,3,0.9,200000,4,1,set,33.788125,20000,20000,200000
4,200000,2000000,3,0.9,200000,4,2,bloom,26.736045,23181,20000,0
4,200000,2000000,3,0.9,200000,5,0,set,36.57229,20000,20000,200000
4,200000,2000000,3,0.9,200000,5,1,bloom,25.040625,23181,20000,0
4,200000,2000000,3,0.9,200000,5,2,filtered_set,32.79479,20000,20000,23181
4,200000,2000000,3,0.9,200000,6,0,set,31.94854,20000,20000,200000
4,200000,2000000,3,0.9,200000,6,1,bloom,24.890415,23181,20000,0
4,200000,2000000,3,0.9,200000,6,2,filtered_set,33.62375,20000,20000,23181
4,200000,2000000,3,1,200000,0,0,filtered_set,55.366875,0,0,3521
4,200000,2000000,3,1,200000,0,1,set,86.84354,0,0,200000
4,200000,2000000,3,1,200000,0,2,bloom,20.721875,3521,0,0
4,200000,2000000,3,1,200000,1,0,set,57.91875,0,0,200000
4,200000,2000000,3,1,200000,1,1,bloom,40.105,3521,0,0
4,200000,2000000,3,1,200000,1,2,filtered_set,46.878545,0,0,3521
4,200000,2000000,3,1,200000,2,0,bloom,17.637295,3521,0,0
4,200000,2000000,3,1,200000,2,1,set,38.77417,0,0,200000
4,200000,2000000,3,1,200000,2,2,filtered_set,18.804165,0,0,3521
4,200000,2000000,3,1,200000,3,0,bloom,17.11521,3521,0,0
4,200000,2000000,3,1,200000,3,1,filtered_set,18.451665,0,0,3521
4,200000,2000000,3,1,200000,3,2,set,33.030835,0,0,200000
4,200000,2000000,3,1,200000,4,0,set,30.781875,0,0,200000
4,200000,2000000,3,1,200000,4,1,filtered_set,18.4525,0,0,3521
4,200000,2000000,3,1,200000,4,2,bloom,20.63521,3521,0,0
4,200000,2000000,3,1,200000,5,0,set,47.49896,0,0,200000
4,200000,2000000,3,1,200000,5,1,filtered_set,26.207085,0,0,3521
4,200000,2000000,3,1,200000,5,2,bloom,18.020205,3521,0,0
4,200000,2000000,3,1,200000,6,0,filtered_set,23.176665,0,0,3521
4,200000,2000000,3,1,200000,6,1,bloom,17.13021,3521,0,0
4,200000,2000000,3,1,200000,6,2,set,45.839375,0,0,200000
4,200000,2000000,7,0,200000,0,0,bloom,24.311875,200000,200000,0
4,200000,2000000,7,0,200000,0,1,set,22.05542,200000,200000,200000
4,200000,2000000,7,0,200000,0,2,filtered_set,55.247915,200000,200000,200000
4,200000,2000000,7,0,200000,1,0,filtered_set,54.240625,200000,200000,200000
4,200000,2000000,7,0,200000,1,1,bloom,24.165415,200000,200000,0
4,200000,2000000,7,0,200000,1,2,set,20.616665,200000,200000,200000
4,200000,2000000,7,0,200000,2,0,bloom,24.77375,200000,200000,0
4,200000,2000000,7,0,200000,2,1,filtered_set,56.74896,200000,200000,200000
4,200000,2000000,7,0,200000,2,2,set,20.819375,200000,200000,200000
4,200000,2000000,7,0,200000,3,0,bloom,24.37021,200000,200000,0
4,200000,2000000,7,0,200000,3,1,set,20.5775,200000,200000,200000
4,200000,2000000,7,0,200000,3,2,filtered_set,57.111875,200000,200000,200000
4,200000,2000000,7,0,200000,4,0,set,20.55729,200000,200000,200000
4,200000,2000000,7,0,200000,4,1,filtered_set,53.45958,200000,200000,200000
4,200000,2000000,7,0,200000,4,2,bloom,24.84146,200000,200000,0
4,200000,2000000,7,0,200000,5,0,bloom,24.33375,200000,200000,0
4,200000,2000000,7,0,200000,5,1,filtered_set,56.44104,200000,200000,200000
4,200000,2000000,7,0,200000,5,2,set,20.68583,200000,200000,200000
4,200000,2000000,7,0,200000,6,0,filtered_set,53.593955,200000,200000,200000
4,200000,2000000,7,0,200000,6,1,set,20.348335,200000,200000,200000
4,200000,2000000,7,0,200000,6,2,bloom,24.239585,200000,200000,0
4,200000,2000000,7,0.5,200000,0,0,bloom,33.19604,100810,100000,0
4,200000,2000000,7,0.5,200000,0,1,set,37.051665,100000,100000,200000
4,200000,2000000,7,0.5,200000,0,2,filtered_set,48.6275,100000,100000,100810
4,200000,2000000,7,0.5,200000,1,0,set,35.86417,100000,100000,200000
4,200000,2000000,7,0.5,200000,1,1,bloom,33.661875,100810,100000,0
4,200000,2000000,7,0.5,200000,1,2,filtered_set,50.87104,100000,100000,100810
4,200000,2000000,7,0.5,200000,2,0,filtered_set,48.57875,100000,100000,100810
4,200000,2000000,7,0.5,200000,2,1,set,35.61646,100000,100000,200000
4,200000,2000000,7,0.5,200000,2,2,bloom,33.670625,100810,100000,0
4,200000,2000000,7,0.5,200000,3,0,bloom,33.44583,100810,100000,0
4,200000,2000000,7,0.5,200000,3,1,filtered_set,60.77979,100000,100000,100810
4,200000,2000000,7,0.5,200000,3,2,set,38.47833,100000,100000,200000
4,200000,2000000,7,0.5,200000,4,0,set,35.721045,100000,100000,200000
4,200000,2000000,7,0.5,200000,4,1,filtered_set,52.7825,100000,100000,100810
4,200000,2000000,7,0.5,200000,4,2,bloom,33.818335,100810,100000,0
4,200000,2000000,7,0.5,200000,5,0,set,42.033125,100000,100000,200000
4,200000,2000000,7,0.5,200000,5,1,filtered_set,51.09792,100000,100000,100810
4,200000,2000000,7,0.5,200000,5,2,bloom,33.549165,100810,100000,0
4,200000,2000000,7,0.5,200000,6,0,bloom,32.884375,100810,100000,0
4,200000,2000000,7,0.5,200000,6,1,filtered_set,52.59521,100000,100000,100810
4,200000,2000000,7,0.5,200000,6,2,set,36.866665,100000,100000,200000
4,200000,2000000,7,0.9,200000,0,0,filtered_set,47.333335,20000,20000,21506
4,200000,2000000,7,0.9,200000,0,1,bloom,41.74125,21506,20000,0
4,200000,2000000,7,0.9,200000,0,2,set,35.94271,20000,20000,200000
4,200000,2000000,7,0.9,200000,1,0,bloom,40.74583,21506,20000,0
4,200000,2000000,7,0.9,200000,1,1,set,31.502915,20000,20000,200000
4,200000,2000000,7,0.9,200000,1,2,filtered_set,46.91625,20000,20000,21506
4,200000,2000000,7,0.9,200000,2,0,bloom,41.04875,21506,20000,0
4,200000,2000000,7,0.9,200000,2,1,set,35.406045,20000,20000,200000
4,200000,2000000,7,0.9,200000,2,2,filtered_set,47.18,20000,20000,21506
4,200000,2000000,7,0.9,200000,3,0,filtered_set,48.915835,20000,20000,21506
4,200000,2000000,7,0.9,200000,3,1,set,32.79875,20000,20000,200000
4,200000,2000000,7,0.9,200000,3,2,bloom,44.660835,21506,20000,0
4,200000,2000000,7,0.9,200000,4,0,filtered_set,49.198955,20000,20000,21506
4,200000,2000000,7,0.9,200000,4,1,set,31.90979,20000,20000,200000
4,200000,2000000,7,0.9,200000,4,2,bloom,41.582085,21506,20000,0
4,200000,2000000,7,0.9,200000,5,0,set,32.555415,20000,20000,200000
4,200000,2000000,7,0.9,200000,5,1,bloom,41.79375,21506,20000,0
4,200000,2000000,7,0.9,200000,5,2,filtered_set,47.299585,20000,20000,21506
4,200000,2000000,7,0.9,200000,6,0,set,32.13875,20000,20000,200000
4,200000,2000000,7,0.9,200000,6,1,bloom,41.23042,21506,20000,0
4,200000,2000000,7,0.9,200000,6,2,filtered_set,47.97292,20000,20000,21506
4,200000,2000000,7,1,200000,0,0,filtered_set,43.42875,0,0,1690
4,200000,2000000,7,1,200000,0,1,set,32.19896,0,0,200000
4,200000,2000000,7,1,200000,0,2,bloom,40.89271,1690,0,0
4,200000,2000000,7,1,200000,1,0,set,36.489585,0,0,200000
4,200000,2000000,7,1,200000,1,1,bloom,41.26,1690,0,0
4,200000,2000000,7,1,200000,1,2,filtered_set,43.543125,0,0,1690
4,200000,2000000,7,1,200000,2,0,bloom,43.193125,1690,0,0
4,200000,2000000,7,1,200000,2,1,set,40.21875,0,0,200000
4,200000,2000000,7,1,200000,2,2,filtered_set,55.88854,0,0,1690
4,200000,2000000,7,1,200000,3,0,bloom,65.87833,1690,0,0
4,200000,2000000,7,1,200000,3,1,filtered_set,46.87396,0,0,1690
4,200000,2000000,7,1,200000,3,2,set,46.69396,0,0,200000
4,200000,2000000,7,1,200000,4,0,set,35.195205,0,0,200000
4,200000,2000000,7,1,200000,4,1,filtered_set,42.997085,0,0,1690
4,200000,2000000,7,1,200000,4,2,bloom,42.20458,1690,0,0
4,200000,2000000,7,1,200000,5,0,set,30.807915,0,0,200000
4,200000,2000000,7,1,200000,5,1,filtered_set,43.490205,0,0,1690
4,200000,2000000,7,1,200000,5,2,bloom,40.85083,1690,0,0
4,200000,2000000,7,1,200000,6,0,filtered_set,45.247705,0,0,1690
4,200000,2000000,7,1,200000,6,1,bloom,41.279165,1690,0,0
4,200000,2000000,7,1,200000,6,2,set,38.40896,0,0,200000
4,200000,2000000,11,0,200000,0,0,bloom,37.87646,200000,200000,0
4,200000,2000000,11,0,200000,0,1,set,20.2175,200000,200000,200000
4,200000,2000000,11,0,200000,0,2,filtered_set,69.196665,200000,200000,200000
4,200000,2000000,11,0,200000,1,0,filtered_set,67.223125,200000,200000,200000
4,200000,2000000,11,0,200000,1,1,bloom,38.005625,200000,200000,0
4,200000,2000000,11,0,200000,1,2,set,21.317085,200000,200000,200000
4,200000,2000000,11,0,200000,2,0,bloom,37.933125,200000,200000,0
4,200000,2000000,11,0,200000,2,1,filtered_set,68.265,200000,200000,200000
4,200000,2000000,11,0,200000,2,2,set,20.495,200000,200000,200000
4,200000,2000000,11,0,200000,3,0,bloom,38.576875,200000,200000,0
4,200000,2000000,11,0,200000,3,1,set,21.985835,200000,200000,200000
4,200000,2000000,11,0,200000,3,2,filtered_set,68.10896,200000,200000,200000
4,200000,2000000,11,0,200000,4,0,set,20.251875,200000,200000,200000
4,200000,2000000,11,0,200000,4,1,filtered_set,73.418955,200000,200000,200000
4,200000,2000000,11,0,200000,4,2,bloom,38.27896,200000,200000,0
4,200000,2000000,11,0,200000,5,0,bloom,39.10375,200000,200000,0
4,200000,2000000,11,0,200000,5,1,filtered_set,79.918125,200000,200000,200000
4,200000,2000000,11,0,200000,5,2,set,20.76125,200000,200000,200000
4,200000,2000000,11,0,200000,6,0,filtered_set,68.2,200000,200000,200000
4,200000,2000000,11,0,200000,6,1,set,20.36375,200000,200000,200000
4,200000,2000000,11,0,200000,6,2,bloom,38.20292,200000,200000,0
4,200000,2000000,11,0.5,200000,0,0,bloom,41.261045,101189,100000,0
4,200000,2000000,11,0.5,200000,0,1,set,35.921665,100000,100000,200000
4,200000,2000000,11,0.5,200000,0,2,filtered_set,59.491875,100000,100000,101189
4,200000,2000000,11,0.5,200000,1,0,set,36.234795,100000,100000,200000
4,200000,2000000,11,0.5,200000,1,1,bloom,42.299375,101189,100000,0
4,200000,2000000,11,0.5,200000,1,2,filtered_set,95.829375,100000,100000,101189
4,200000,2000000,11,0.5,200000,2,0,filtered_set,66.89083,100000,100000,101189
4,200000,2000000,11,0.5,200000,2,1,set,36.334375,100000,100000,200000
4,200000,2000000,11,0.5,200000,2,2,bloom,42.842915,101189,100000,0
4,200000,2000000,11,0.5,200000,3,0,bloom,43.133545,101189,100000,0
4,200000,2000000,11,0.5,200000,3,1,filtered_set,72.25271,100000,100000,101189
4,200000,2000000,11,0.5,200000,3,2,set,37.214165,100000,100000,200000
4,200000,2000000,11,0.5,200000,4,0,set,50.64354,100000,100000,200000
4,200000,2000000,11,0.5,200000,4,1,filtered_set,88.66979,100000,100000,101189
4,200000,2000000,11,0.5,200000,4,2,bloom,43.048125,101189,100000,0
4,200000,2000000,11,0.5,200000,5,0,set,39.14875,100000,100000,200000
4,200000,2000000,11,0.5,200000,5,1,filtered_set,61.922085,100000,100000,101189
4,200000,2000000,11,0.5,200000,5,2,bloom,41.55708,101189,100000,0
4,200000,2000000,11,0.5,200000,6,0,bloom,41.710625,101189,100000,0
4,200000,2000000,11,0.5,200000,6,1,filtered_set,61.363125,100000,100000,101189
4,200000,2000000,11,0.5,200000,6,2,set,36.23854,100000,100000,200000
4,200000,2000000,11,0.9,200000,0,0,filtered_set,51.36854,20000,20000,22139
4,200000,2000000,11,0.9,200000,0,1,bloom,45.865,22139,20000,0
4,200000,2000000,11,0.9,200000,0,2,set,32.8775,20000,20000,200000
4,200000,2000000,11,0.9,200000,1,0,bloom,46.01292,22139,20000,0
4,200000,2000000,11,0.9,200000,1,1,set,33.11521,20000,20000,200000
4,200000,2000000,11,0.9,200000,1,2,filtered_set,51.498955,20000,20000,22139
4,200000,2000000,11,0.9,200000,2,0,bloom,45.07146,22139,20000,0
4,200000,2000000,11,0.9,200000,2,1,set,32.659375,20000,20000,200000
4,200000,2000000,11,0.9,200000,2,2,filtered_set,50.344165,20000,20000,22139
4,200000,2000000,11,0.9,200000,3,0,filtered_set,50.921045,20000,20000,22139
4,200000,2000000,11,0.9,200000,3,1,set,31.52167,20000,20000,200000
4,200000,2000000,11,0.9,200000,3,2,bloom,44.752085,22139,20000,0
4,200000,2000000,11,0.9,200000,4,0,filtered_set,51.425625,20000,20000,22139
4,200000,2000000,11,0.9,200000,4,1,set,31.80833,20000,20000,200000
4,200000,2000000,11,0.9,200000,4,2,bloom,44.77354,22139,20000,0
4,200000,2000000,11,0.9,200000,5,0,set,31.747915,20000,20000,200000
4,200000,2000000,11,0.9,200000,5,1,bloom,44.721665,22139,20000,0
4,200000,2000000,11,0.9,200000,5,2,filtered_set,50.227915,20000,20000,22139
4,200000,2000000,11,0.9,200000,6,0,set,30.7475,20000,20000,200000
4,200000,2000000,11,0.9,200000,6,1,bloom,44.035,22139,20000,0
4,200000,2000000,11,0.9,200000,6,2,filtered_set,50.664165,20000,20000,22139
4,200000,2000000,11,1,200000,0,0,filtered_set,48.06979,0,0,2389
4,200000,2000000,11,1,200000,0,1,set,30.49,0,0,200000
4,200000,2000000,11,1,200000,0,2,bloom,45.09354,2389,0,0
4,200000,2000000,11,1,200000,1,0,set,29.795625,0,0,200000
4,200000,2000000,11,1,200000,1,1,bloom,45.323545,2389,0,0
4,200000,2000000,11,1,200000,1,2,filtered_set,49.00396,0,0,2389
4,200000,2000000,11,1,200000,2,0,bloom,45.7375,2389,0,0
4,200000,2000000,11,1,200000,2,1,set,30.96,0,0,200000
4,200000,2000000,11,1,200000,2,2,filtered_set,48.29417,0,0,2389
4,200000,2000000,11,1,200000,3,0,bloom,45.803125,2389,0,0
4,200000,2000000,11,1,200000,3,1,filtered_set,47.926665,0,0,2389
4,200000,2000000,11,1,200000,3,2,set,42.15875,0,0,200000
4,200000,2000000,11,1,200000,4,0,set,30.55271,0,0,200000
4,200000,2000000,11,1,200000,4,1,filtered_set,49.54958,0,0,2389
4,200000,2000000,11,1,200000,4,2,bloom,45.262085,2389,0,0
4,200000,2000000,11,1,200000,5,0,set,39.744165,0,0,200000
4,200000,2000000,11,1,200000,5,1,filtered_set,52.63646,0,0,2389
4,200000,2000000,11,1,200000,5,2,bloom,46.32292,2389,0,0
4,200000,2000000,11,1,200000,6,0,filtered_set,50.57771,0,0,2389
4,200000,2000000,11,1,200000,6,1,bloom,46.017085,2389,0,0
4,200000,2000000,11,1,200000,6,2,set,43.38958,0,0,200000
